,0,1,2,3,4,5,6,7,8,9,10,11,12
0,0.07434472167078152,0.049589202007470516,5.805792912616692,0.07434472167078152,0.049589202007470516,3.889298468086594e-08,1.704329112632463e-07,1.2074149008477012e-07,1.9409709245260342e-08,2.049962720381319e-08,1.0305613604562279e-07,2.6612627808713863e-09,9.244451293536126e-10
1,0.12250143004811918,8.504769767243327e-07,5.765458287445403,0.12250143004811918,8.504769767243327e-07,1.2723224793268939e-09,7.864157854437573e-08,3.3216627690658265e-09,3.9895970019121874e-08,1.8912370361130204e-08,3.9539016240798327e-07,2.6095270929806777e-08,5.5285527129300795e-09
2,0.7638820298510118,0.6311946574407953,4.2060356207216945,0.7638820298510118,0.6311946574407953,7.557968825018737e-08,6.448379668001778e-10,7.915444408306622e-09,1.2902083988314657e-09,1.3324722698370889e-08,5.5403081147295945e-09,2.1627639583023287e-07,2.319463377494426e-08
3,0.7262778711978132,0.8069222221875652,3.2978387574326176,0.7262778711978132,0.8069222221875652,8.561290200308045e-09,3.5772424905205225e-11,2.18853866921007e-08,3.318093441680176e-08,4.353609120520531e-09,3.8583052388494466e-08,7.268776725688926e-08,3.1839188942310176e-08
4,0.15364825527853818,0.07691713187067374,5.565939905077777,0.15364825527853818,0.07691713187067374,8.955594160117004e-09,1.6848729974242662e-09,2.732851507333539e-08,7.647967751811233e-08,7.801349605793107e-09,1.621846312334042e-08,7.073864621091455e-08,9.279260295054438e-09
5,0.798451231778743,0.06394249008586982,4.3456731185469675,0.798451231778743,0.06394249008586982,5.184035852437791e-09,3.29533902022189e-08,9.910965332780842e-09,3.1680591795851196e-08,5.7845927949990994e-08,1.0595063215797247e-08,8.313031086450432e-08,1.1521401537081594e-08
6,0.6836616261338274,0.034277399579956055,5.162142614871077,0.6836616261338274,0.034277399579956055,6.06033618881987e-10,1.4827322510436676e-09,7.562914875226246e-09,1.5004241183954573e-08,2.843675241760434e-08,5.124391664143905e-08,2.4597777577489955e-08,3.916956922310749e-08
7,0.70509343530487,0.03357044123588465,5.001078518983596,0.70509343530487,0.03357044123588465,1.4394476100572381e-07,3.4223324162469197e-08,5.348504808090642e-08,8.89303004304389e-09,3.177749991529087e-08,8.448011339204598e-11,2.3867306139566942e-08,2.258154219017293e-08
8,0.6726245804657026,0.840911920753,3.609948896309115,0.6726245804657026,0.840911920753,3.318242579043404e-09,3.141559929955497e-09,1.9623322547957257e-08,6.724445994715176e-07,3.83273800402916e-09,3.7540137975957924e-08,2.077974191520567e-09,1.3936884920367181e-08
9,0.24543395538536095,0.7355166679793069,4.393720666828956,0.24543395538536095,0.7355166679793069,4.536256253062823e-09,5.290300879100877e-07,7.117009766077279e-10,2.4436236374027727e-08,5.778888536865203e-08,1.0998051009892993e-07,7.182777270594866e-08,1.8823917772003484e-08
10,0.7201645039465184,0.17150417149252875,4.58908635189026,0.7201645039465184,0.17150417149252875,2.726255718391225e-08,8.385237110839106e-08,3.355576215290805e-09,9.053878745876809e-09,5.1175789841184605e-08,1.8292734504444643e-08,3.704544892885325e-09,7.008751746303243e-08
11,0.7915770999632874,0.03154639075395865,4.436569935961658,0.7915770999632874,0.03154639075395865,2.1191504655940147e-08,4.751207795704584e-08,2.8530984154327524e-10,5.161790764536356e-09,7.360204350096472e-09,1.7828621598717637e-08,2.4917398163154267e-08,1.9018422930193325e-07
12,0.8222107342701679,0.7831828716531952,2.8795932726914146,0.8222107342701679,0.7831828716531952,1.1613856553951027e-08,9.031967603109899e-09,4.68579461017598e-09,1.980311917290826e-08,1.8760265511901246e-09,9.754639781893693e-11,2.5825528084307033e-08,1.2502360511348391e-08
13,0.12919802617205373,0.12896389208159764,5.499705655219071,0.12919802617205373,0.12896389208159764,2.2417438934372416e-08,2.359123948023533e-08,3.925529059984293e-09,2.188810979140467e-08,8.583113846397657e-09,2.9700983552885212e-08,4.7623813913422185e-08,3.6693067364607067e-10
14,0.052096838242939626,0.20822394763196667,5.522659619478738,0.052096838242939626,0.20822394763196667,1.0765428188559047e-08,4.6551187965799706e-08,7.019110955384816e-09,7.903659161017919e-09,1.6370878476572413e-08,1.4227211449764116e-09,1.864004497839425e-09,3.3364510404616936e-08
15,0.8656412478717471,0.8312798169519349,2.6461355510064135,0.8656412478717471,0.8312798169519349,1.091343390219565e-08,3.0662848793617244e-09,6.402852735024553e-09,2.3935878695055195e-07,2.2708181597229606e-09,3.543309335569698e-08,1.912345291015247e-09,5.730555848664786e-08
16,0.6456074353411003,0.646413996608563,4.957916399808899,0.6456074353411003,0.646413996608563,6.34288260266033e-09,4.752878773956011e-09,6.532865007403119e-08,1.922143129561661e-08,9.657003621037141e-09,3.526214783751315e-08,7.48157986969329e-09,3.16096830136626e-08
17,5.765775096019943e-06,0.1479897694405338,5.706303062812037,5.765775096019943e-06,0.1479897694405338,1.1879579078430198e-08,4.605532168835854e-08,1.7551189244909962e-09,7.322651447091341e-10,3.011151843770637e-07,5.656647641710483e-08,7.357912473484599e-09,3.3523671250821564e-08
18,0.026360092580272373,0.2358732172613302,5.543833567210205,0.026360092580272373,0.2358732172613302,3.3745603538668736e-08,1.4561088192430863e-08,8.517732294606014e-08,2.9048550811401692e-08,6.279552356940354e-08,1.830464293510058e-09,1.3119623110254947e-08,9.925050188489461e-09
19,0.2159815151404821,0.16208580917187818,5.2669281680648625,0.2159815151404821,0.16208580917187818,3.6935504937507535e-09,3.288248426708571e-08,1.0439357796941991e-08,1.440976871709321e-08,5.966229645072425e-10,3.140400596961329e-08,4.428731222480115e-09,8.273564226222719e-09
20,0.8204773534145723,0.031589102781442946,4.324206500300471,0.8204773534145723,0.031589102781442946,4.0794844492679e-09,8.124511840774275e-11,9.244912938630052e-08,4.504110860395902e-09,2.780640284467265e-08,1.14734153238389e-08,1.2554757527282116e-07,1.4838207098890186e-07
21,0.704776382452544,0.21138591044408606,4.643219949515281,0.704776382452544,0.21138591044408606,8.918745227530258e-10,3.074098583408314e-08,6.1842506594429605e-09,1.950911127019533e-08,7.116633763226352e-10,2.115573718657405e-09,8.424134687438271e-09,9.9397847126988e-09
22,0.6764945939399369,0.17808086261536524,4.905802542277128,0.6764945939399369,0.17808086261536524,1.221872240347463e-07,5.7033664331158044e-09,9.381986773522093e-09,1.8067767638257536e-09,3.0859280403433907e-10,3.5593289564307864e-08,3.906752655161026e-08,4.3302437817788615e-08
23,0.6316513243644644,3.384889810474211e-07,5.573038079285226,0.6316513243644644,3.384889810474211e-07,3.0497822675482066e-09,3.76587147470383e-10,1.7901456419375444e-08,4.452966954726587e-09,3.686922109522232e-08,3.346430767725352e-08,3.2411540712581414e-08,9.849674387482922e-09
24,0.7634398824365827,0.1658057632343814,4.301249139703655,0.7634398824365827,0.1658057632343814,1.1887415913701841e-08,1.6127002333968266e-08,2.070985540770984e-08,1.6328373037623167e-09,3.449192854933503e-08,1.4084876151573353e-08,4.054291761942603e-11,5.5107949741882694e-08
25,0.15222573435176034,0.050944017900481815,5.622481598167342,0.15222573435176034,0.050944017900481815,6.368553314164052e-10,7.289744788181671e-10,5.331129286221102e-08,2.872471366544487e-08,1.485101139958572e-08,7.3644016237792535e-09,4.95186721341472e-10,8.302564290171768e-09
26,0.6315064812162567,0.6389537081503032,5.099996152866227,0.6315064812162567,0.6389537081503032,1.2996795658758469e-08,2.234835933965281e-08,1.2442459171281097e-09,5.279395773534397e-07,5.2916111441299984e-09,2.9371691521463086e-08,4.558377101312207e-08,4.2191874984457774e-08
27,0.1365125870198406,0.7162107676940122,4.693838432930447,0.1365125870198406,0.7162107676940122,1.323986319846928e-09,4.402888158235348e-07,4.581961297150943e-08,5.089753903014281e-08,1.130134954425051e-07,3.8102451737005155e-08,1.1592856557643424e-06,6.146105284387407e-08
28,0.0688262517012243,0.6883018076942763,5.061915438649328,0.0688262517012243,0.6883018076942763,2.8171396028246095e-08,6.580782882681607e-09,5.094249364000284e-08,4.359938876861692e-07,2.8311054644898972e-08,2.426491531161112e-08,5.545679093258925e-09,1.66597306023531e-08
29,0.2649931940695087,0.08953999044179828,5.419439499231544,0.2649931940695087,0.08953999044179828,1.404727069295336e-10,1.490161065251327e-07,8.448345473043506e-08,8.206751769546915e-08,1.416650776861174e-09,1.1189737725858447e-09,1.4170332298825164e-08,4.244075458762615e-09
30,0.23057181718708875,0.2550310092023621,5.1528145599738,0.23057181718708875,0.2550310092023621,2.363362075732798e-09,4.420393652449888e-08,4.85972339936647e-09,1.8138185725708478e-07,7.124284477897355e-09,9.001935229320048e-08,7.045304482102764e-08,6.385815965079303e-08
31,0.022297593687224886,0.2639606171814991,5.5485439023258705,0.022297593687224886,0.2639606171814991,4.0814885424125866e-08,8.854743564432791e-08,4.429330098452871e-08,7.736996086615839e-08,1.2784043559571436e-08,9.467020065566002e-10,2.205383626934579e-08,1.3856911273925963e-09
32,1.081305263726795e-05,0.023602411856959826,5.971179984042226,1.081305263726795e-05,0.023602411856959826,5.770724324066043e-09,3.232443998150485e-09,3.488900816208846e-09,3.713817814552715e-09,4.522296329138397e-08,2.3408018032553785e-08,4.824764758522403e-09,3.488565948009905e-09
33,0.04776751384935221,3.9496488799843567e-07,5.931447753874525,0.04776751384935221,3.9496488799843567e-07,1.0061970871223036e-07,3.847794640408968e-08,6.287533136654854e-08,8.19509283644797e-08,4.6589655419632194e-08,1.0184978136938633e-08,3.0714372675488135e-08,4.63544640521569e-08
34,0.8107349384093544,0.6401831624025971,3.91480400299632,0.8107349384093544,0.6401831624025971,2.8930401598314435e-08,2.955262884721909e-07,4.426787449463471e-08,1.3417028991952899e-09,3.0389958527989705e-08,1.0169583385172045e-09,4.323851055115662e-08,3.5085018970007484e-09
35,0.07237900882507514,7.30651052273243e-09,5.8819933890500655,0.07237900882507514,7.30651052273243e-09,1.3481252663648863e-08,2.745020795154195e-07,1.32150512470683e-08,9.45695072104352e-10,1.051052532880047e-06,2.984227907143661e-12,8.186705214392551e-08,6.407449635158145e-08
36,0.12997434344627035,0.1563011800886023,5.435889316736203,0.12997434344627035,0.1563011800886023,1.5869728030461914e-08,7.268719957794568e-09,3.3667061227277413e-09,9.295952782937554e-09,9.632860104807897e-10,6.72540597566297e-08,6.712756930467761e-09,2.845282876431437e-08
37,0.7131355949980335,0.10180595899713583,4.799255078237814,0.7131355949980335,0.10180595899713583,2.6188621923587215e-09,2.688511234339623e-09,7.737014199286099e-08,1.3971201471720823e-07,3.9984417862016166e-08,8.289680206197195e-09,8.094427832977826e-08,1.2337707038597012e-08
38,0.7394537878676961,0.7389616117823609,3.5877417928454114,0.7394537878676961,0.7389616117823609,2.1108251082660688e-08,2.633401711711479e-08,1.2012855314829527e-08,2.663904315607324e-08,3.682903212051765e-08,4.130905685821776e-08,3.1696560690677456e-09,3.6629351211243485e-09
39,0.25127220455706517,0.2309602553115478,5.152396450430707,0.25127220455706517,0.2309602553115478,4.830159904984311e-09,5.425564865768331e-07,1.1575537775724146e-09,1.0902549071099364e-08,4.554232041068297e-09,4.396080773020497e-08,2.3790554117865235e-08,7.188408982018709e-10
40,0.09862427961841129,0.024741802172379805,5.791887225030261,0.09862427961841129,0.024741802172379805,4.230621943923087e-08,1.1306193377250603e-07,5.7144721503289646e-08,9.57039693778237e-09,2.707358421917117e-10,2.217293634931965e-08,3.8413911143803745e-09,5.010558069371967e-08
41,0.8074587122388771,0.7259132033678575,3.298459159806501,0.8074587122388771,0.7259132033678575,7.3488360398425596e-09,2.0126440303272873e-08,4.646553657582304e-10,3.0220259032010753e-09,1.0554016876526598e-07,4.31768936724602e-08,2.7860124761911945e-08,1.41661240315546e-08
42,0.7833556705531857,0.7013261881093512,3.5922272310242724,0.7833556705531857,0.7013261881093512,6.731552400570702e-09,3.42404764696902e-08,1.2997556341457463e-08,1.9793063545451863e-08,1.648547440901845e-08,8.476274682050408e-10,1.2041367645976683e-09,2.1700530168966204e-08
43,0.07499160565177594,0.07510610522871401,5.752370469962261,0.07499160565177594,0.07510610522871401,2.6889316403378892e-08,2.2267306284700273e-07,1.2642556208760793e-08,2.898289282111079e-08,7.488173745192037e-08,1.4903520184835074e-08,2.0144950156877573e-08,2.033414303811441e-08
44,0.7618785677341504,0.6763491926694063,3.904595703023752,0.7618785677341504,0.6763491926694063,6.371578263926847e-08,2.834491631951579e-07,3.2398062547083575e-08,7.853829891829181e-08,2.440159764268784e-09,1.3863666289491923e-08,1.3355892955606262e-08,7.110781852529651e-08
45,0.20063802406491132,0.7702411065069473,4.200645852411559,0.20063802406491132,0.7702411065069473,1.2240243664130339e-08,1.3724090871158249e-08,3.263121831962193e-08,7.112503904580196e-09,6.5399952316574795e-09,1.452050504179919e-09,3.561607691231943e-08,1.6379412690061784e-08
46,0.7394223659326447,0.00010682140109424514,4.792254518565217,0.7394223659326447,0.00010682140109424514,4.000683368130523e-08,2.2483718166044094e-08,1.2489293177815242e-08,1.0772162560855874e-08,3.3545815549603064e-08,4.096571248400107e-09,6.058174875456466e-08,2.979936590344333e-08
47,0.15930434169431112,0.1860195831181243,5.312825147928013,0.15930434169431112,0.1860195831181243,2.5848292034171726e-08,9.324915160333849e-07,5.276457416037847e-08,2.7968204909027767e-08,2.7216269900491347e-08,7.168969935112046e-08,1.8514887127447156e-08,1.1174144084181196e-09
48,0.7782730734293186,0.0971527126788287,4.371729363044864,0.7782730734293186,0.0971527126788287,1.0755987092064003e-07,1.0095359503612403e-09,6.319718480874405e-08,1.5488601769792521e-06,6.059955728677686e-08,1.4496325612526935e-08,1.1902579867240909e-08,3.787014809632206e-08
49,0.7375953720368983,0.1338162393787611,4.5439737520062575,0.7375953720368983,0.1338162393787611,3.845097483731501e-08,2.1234679207488732e-09,6.316431538444409e-10,6.520552111875836e-09,6.855987382138277e-09,2.6392955044381256e-08,6.756430413063593e-09,1.955190875609672e-08
50,0.025581885682140978,0.2052808868649367,5.57119375279076,0.025581885682140978,0.2052808868649367,1.4109811053620363e-07,3.554100800684653e-09,3.1604128702522546e-08,9.388462771649661e-12,1.0259956630475723e-08,6.029237186570614e-10,5.9276041269853246e-08,2.868766628725689e-09
51,0.18122510540468004,0.6528387921254931,5.071258536845298,0.18122510540468004,0.6528387921254931,4.564925628659119e-07,4.0554921044539004e-08,1.7212928222231225e-07,3.561974958646144e-07,3.063976491954358e-08,8.44286204171138e-09,4.559826051766183e-08,5.789129662297947e-08
52,0.7729131715649983,0.6440670615411836,4.068223556476465,0.7729131715649983,0.6440670615411836,2.2536052997639183e-09,4.56769702148968e-09,3.920075465714166e-09,4.939347885986244e-08,3.258648849590271e-08,3.2361945746442237e-07,7.897903722697736e-08,7.045296778285476e-08
53,0.23929226689345837,0.053147303945984214,5.4966545170688965,0.23929226689345837,0.053147303945984214,7.1637666083378934e-09,3.95266026300916e-08,2.4261413856771918e-08,1.0640401009325677e-08,2.9392715490318636e-08,3.491221367357773e-07,5.713792925326298e-07,1.1808139945886273e-06
54,0.8399492643652299,0.8666666739821345,2.631280954572786,0.8399492643652299,0.8666666739821345,1.4080823318531827e-08,3.30944420669482e-09,2.4854798377653135e-08,0.00013704992982544346,1.4867932256248413e-08,3.5691422343657473e-09,4.2902539357093165e-09,1.1594610968856847e-08
55,0.06437248179605978,0.7737705289563476,4.4701365904437385,0.06437248179605978,0.7737705289563476,7.0688786944244e-09,1.4303876867300264e-07,9.65893526399146e-10,6.904907920881688e-09,7.18658163422055e-09,4.541324610076096e-08,1.8917173008974816e-08,3.168575233761311e-08
56,0.7415357194535492,0.16833548097215145,4.440922427871239,0.7415357194535492,0.16833548097215145,4.425631312289448e-09,8.060091436191885e-09,4.0436069106021146e-10,4.310502535017452e-09,3.988749982963268e-08,2.1508319423806458e-07,8.010292903019472e-10,8.730105593419384e-09
57,0.8272008062100136,0.1983739008785223,3.9590249219736857,0.8272008062100136,0.1983739008785223,9.350792386656785e-09,1.0175742023905789e-07,2.8631608030586344e-09,3.4700832920248708e-09,1.705610526715345e-08,5.919572615592575e-08,1.476391433506781e-07,2.3050927812154313e-08
58,0.6457903436730472,0.2647093909861913,5.056229371918584,0.6457903436730472,0.2647093909861913,5.0111698630689306e-08,8.040092272062247e-09,1.2237666352654038e-07,6.059494488662928e-08,1.0009307380434823e-09,4.336513999171501e-08,2.4904351790516234e-08,1.758997305975784e-08
59,0.6358923807103796,0.681597820762414,4.768770671818817,0.6358923807103796,0.681597820762414,9.068862536902808e-09,8.798243200605439e-09,7.115480967170446e-08,1.6085901873072557e-07,1.1129943953735355e-08,1.0416959738334626e-07,7.639635759755129e-10,9.955236290733519e-09
60,0.6549848342138065,7.099059526803619e-06,5.416976829143239,0.6549848342138065,7.099059526803619e-06,8.686235114947774e-09,4.713257574433635e-08,5.2418942265151874e-08,2.4097639456773187e-08,1.2222821678560277e-07,1.1486965704256626e-07,1.773709848559992e-09,4.352788522916198e-08
61,0.06400953760154403,0.7985277126003119,4.3451999428613695,0.06400953760154403,0.7985277126003119,9.782706846472524e-09,7.87690554900233e-08,4.382403232211362e-08,1.2086515216987436e-08,4.946764819268457e-09,1.8246468821115175e-09,2.304696318230527e-09,2.0184829490808828e-10
62,0.17485763514803226,0.6986615240981113,4.744645397695733,0.17485763514803226,0.6986615240981113,4.862116216852529e-09,1.9927022105055277e-08,2.043948902215117e-09,5.243300813694022e-08,6.176578608849983e-09,3.699317302811199e-09,6.6056528844567e-08,2.408056751599244e-08
63,0.8504194132839235,0.13101737577559797,4.055455832869418,0.8504194132839235,0.13101737577559797,3.6320522105632e-08,1.5907247945389097e-09,1.3256743698397973e-09,6.058839249275993e-08,3.6410323144226715e-08,8.4482666393236e-08,5.168992060723047e-09,1.0902118167429551e-07
64,0.13149637591445704,0.1842239720322838,5.378234786862061,0.13149637591445704,0.1842239720322838,4.339875309408562e-09,2.1429615513467864e-09,1.3502511045895332e-07,2.5116603890652767e-08,5.389895035626056e-08,3.9122660193751385e-08,9.989388445758223e-09,1.5547991688425838e-08
65,0.14400200893963555,0.6485182159963093,5.177137810983742,0.14400200893963555,0.6485182159963093,1.0212644526165206e-08,5.406295292449985e-08,5.5203036428577555e-08,1.3194998619380745e-08,1.4617368618592407e-07,1.0614073187892878e-08,1.214077504245111e-07,5.183867841527295e-09
66,0.1258948775313316,0.050406121982076724,5.683930026335068,0.1258948775313316,0.050406121982076724,1.4931367152995688e-08,2.0757659814521884e-09,1.3362501291996404e-08,8.283689854195332e-10,4.7084122901225724e-08,3.3968644192942624e-09,9.594833243915539e-09,7.375225542311253e-08
67,0.7550190967994185,0.8339552619730359,3.0185612495965755,0.7550190967994185,0.8339552619730359,8.021594241843136e-07,9.643595033405487e-09,5.554347839824662e-08,6.253811972266168e-08,7.199724400597222e-08,3.992335399215231e-08,7.094566526388942e-09,1.5511473390711114e-08
68,1.6596154653510894e-10,4.1455044350436294e-11,6.000000399138319,1.6596154653510894e-10,4.1455044350436294e-11,1.921842783991962e-08,3.496337297642974e-09,8.508814333935866e-08,2.84918166399898e-10,5.088044677276877e-11,4.136814787427099e-09,3.9509981655753795e-09,2.0981420964429288e-09
69,0.025063709976024234,0.15038215550166487,5.670076826509581,0.025063709976024234,0.15038215550166487,4.562565052684935e-08,3.4259117195480726e-07,2.4703648103297902e-08,3.572601872917228e-08,4.69328816790124e-08,2.1341139207563993e-07,5.586492645422481e-08,6.481812060014879e-08
70,0.13700435823728765,0.2463786377114712,5.304872804514948,0.13700435823728765,0.2463786377114712,1.2752021355506892e-08,8.323032305791131e-09,1.5388516350808348e-08,3.256090557452237e-08,3.760049781609565e-08,3.0241899903825743e-08,7.579432719640327e-10,6.389700520054815e-08
71,0.24088755327964484,0.7572087079751114,4.24704677749326,0.24088755327964484,0.7572087079751114,3.9303024780180884e-08,2.6763190015696846e-09,2.461363014103729e-09,6.632226339641632e-09,1.1923032720116631e-09,3.979563215897271e-08,1.2199233439526858e-08,5.684699366118089e-08
72,0.024599077070644154,0.09877438845487378,5.791742757739466,0.024599077070644154,0.09877438845487378,1.1925729781927224e-08,1.824051340312281e-07,2.365603777648004e-09,1.8090244989993782e-08,1.0658865565882713e-07,4.5847366301006185e-08,2.1421862154781043e-07,1.7333816558272415e-07
73,0.2239475227273628,0.6341237720335247,5.141293847240348,0.2239475227273628,0.6341237720335247,5.221815336101354e-07,1.114336195857404e-09,2.948465781456721e-08,2.1047490779311704e-08,1.5427590377999076e-07,8.384720464101132e-10,1.1285860070156068e-06,1.4982101020716775e-10
74,0.8081674806344004,0.23575602667014894,3.9830177712549264,0.8081674806344004,0.23575602667014894,6.267595191586465e-09,3.435719272346381e-09,4.841029923020497e-09,7.744236073242193e-10,2.203027430639369e-08,5.788221781627938e-09,5.113019935377213e-09,2.4876394561673864e-08
75,1.430123309068053e-08,0.12238807142981094,5.765732617647832,1.430123309068053e-08,0.12238807142981094,1.4300842933167653e-08,5.8346276968250245e-08,1.5045723703983266e-08,4.851676127210214e-09,3.943105758785749e-08,4.237375077371452e-07,1.05625124793795e-06,9.999306993762646e-10
76,0.15031322475347553,0.02505734361529735,5.6702361729496,0.15031322475347553,0.02505734361529735,6.184578761485536e-09,1.3737388100352727e-08,2.7792023535967184e-08,2.3934559965781094e-09,2.6449922412682965e-08,1.1054339041172106e-07,4.351405821468471e-10,5.463591495062044e-08
77,0.8678262412869759,0.6847724210426778,3.5087468128025905,0.8678262412869759,0.6847724210426778,2.053989148625808e-08,1.5335400375595614e-08,5.988013359683388e-08,5.935248573511939e-10,7.197562351090123e-09,5.493372588533479e-07,2.2174040559919932e-09,5.8059583459878607e-08
78,0.18417351288250894,0.1315903211604548,5.378100128420815,0.18417351288250894,0.1315903211604548,2.7660950719291478e-08,5.1879356601393475e-09,2.6765292430768314e-07,2.321363185709093e-09,2.521225245310689e-09,1.154909703885692e-08,1.278290756694079e-08,4.103790222267804e-09
79,0.16959695921354673,0.8581632668637371,3.967936068286794,0.16959695921354673,0.8581632668637371,1.2081778309136315e-08,3.162047281137611e-08,1.017895393226442e-07,1.292923137749856e-08,1.196679931204199e-08,1.2991564160897622e-09,1.6066614210715827e-08,3.721156391873464e-08
80,0.6690358223212741,0.25462313267670694,4.889371926472682,0.6690358223212741,0.25462313267670694,4.555146755068043e-09,1.5459063461835685e-08,2.7217346516794067e-09,1.0398813504691399e-08,3.235731879292409e-09,2.4923403787140823e-08,1.4660761240474538e-07,2.1503360487814172e-08
81,0.6451977739774946,0.10755708910550249,5.2856123216660755,0.6451977739774946,0.10755708910550249,2.145948141829315e-08,5.324961568151867e-08,1.2183820587572443e-08,2.8980710194755308e-08,4.284317622857809e-09,6.245293940243727e-09,8.347136006096049e-08,9.98730811955021e-08
82,0.6774518608942132,0.00014506619432694268,5.25366023892396,0.6774518608942132,0.00014506619432694268,1.4655178408275603e-09,1.1957877079402478e-07,5.729542399975608e-09,1.0922624197599714e-08,8.25215384266832e-10,5.911689123420407e-09,3.820839951032304e-09,2.863261896734026e-09
83,0.1060847733382117,0.21229905564178336,5.399394780598805,0.1060847733382117,0.21229905564178336,3.0989932964484035e-07,1.2683543477572203e-09,2.81078795735269e-09,1.8475074031802264e-08,5.98303520076579e-10,9.221948648402531e-08,4.974842343370635e-08,5.280985494210536e-08
84,0.13374940640277894,0.21403958678299742,5.331789439054632,0.13374940640277894,0.21403958678299742,3.8551107874648845e-09,6.629312631873075e-08,4.6773890318316746e-09,3.3707619954890954e-08,2.0285592402405153e-08,2.33642814886549e-08,2.587107504325346e-08,2.4725281124779194e-08
85,0.10337648231659417,0.15497629285384282,5.502087100472825,0.10337648231659417,0.15497629285384282,3.251658833678722e-08,3.4619996304331375e-08,3.3306800733536975e-09,1.5910341877701533e-08,5.377694962724585e-08,5.7386123736348245e-08,1.2714840335657975e-08,1.4768051322902912e-08
86,0.0001491577570308239,0.7192366333421321,4.938665212902442,0.0001491577570308239,0.7192366333421321,1.692016119329424e-08,7.179320481000735e-08,1.709826574387582e-07,3.8836935962662987e-07,8.503152058077786e-09,5.38730642723729e-09,6.344914175885484e-08,5.8704797851276185e-08
87,0.23165115177954076,8.538677265246264e-10,5.578805894353742,0.23165115177954076,8.538677265246264e-10,6.060532726959321e-09,3.2457719788317714e-08,1.5938317322923306e-08,3.2237000663265284e-07,8.523797820469943e-08,9.201271994836128e-09,1.375859602652143e-10,7.571008873375643e-08
88,0.10030428760588497,0.7340751619405189,4.648687116551464,0.10030428760588497,0.7340751619405189,2.6189089351094643e-08,4.8035030542969344e-08,6.773738634809636e-07,1.6100835522656225e-07,2.759798257982832e-08,1.5327489418161742e-09,2.4793526678392556e-09,3.6280630535321594e-08
89,0.7007496755246887,0.784272472875348,3.5918168202172596,0.7007496755246887,0.784272472875348,4.502701085373453e-09,2.7363277255770324e-09,2.51444900307055e-08,2.4935528304948683e-07,2.1175521870341153e-07,4.844132922550594e-09,4.670906934637955e-08,1.1885487257450221e-08
90,1.430123309068053e-08,0.09721428197425794,5.825665851283087,1.430123309068053e-08,0.09721428197425794,2.3277262255257748e-08,2.0888242490479066e-08,3.7612832446728624e-09,3.067105516662348e-08,9.71507608191688e-08,2.0218403309053717e-08,7.471127118284596e-08,2.381309695854898e-08
91,0.1882755863986726,0.18817791948399634,5.254839075357338,0.1882755863986726,0.18817791948399634,2.062258530568572e-08,8.36902879353527e-09,5.225334156721023e-08,1.473963162022129e-08,1.3088052724740601e-08,1.5372593385571366e-07,6.580313324510234e-11,9.815562103713056e-10
92,0.26685408164957986,0.7501564676526027,4.295296563261365,0.26685408164957986,0.7501564676526027,1.0913738701634471e-08,1.446876885622263e-07,5.033585732566307e-08,7.504296596038623e-09,6.716581260375415e-09,4.2985768242778917e-10,1.621652949572656e-08,6.13491994117845e-10
93,0.20413325969637675,0.7475890288218319,4.340268087166821,0.20413325969637675,0.7475890288218319,3.2597128820811638e-09,7.08056512899104e-09,3.1454164577738936e-09,1.832962900016399e-08,3.0507031327925315e-09,4.363230241933717e-09,1.9226918542333874e-06,8.371796047907634e-10
94,0.7192016844946603,7.916320883222253e-06,4.9390645502518815,0.7192016844946603,7.916320883222253e-06,4.45796545851723e-09,6.061693252305088e-09,1.2901764611186784e-10,5.560807683127798e-08,1.712065952761115e-09,3.8606381780057735e-08,2.627538991225067e-09,5.140415968151627e-08
95,0.13208415231517232,0.7591616687486255,4.402522475120195,0.13208415231517232,0.7591616687486255,1.3861150592302331e-08,3.946593906213361e-09,4.5254284587011105e-09,1.4133046528149388e-07,2.892617494053941e-08,7.661484010920253e-09,1.0978726552958671e-07,3.550026143198412e-09
96,0.07674907144143833,0.15379424819115106,5.565995138287761,0.07674907144143833,0.15379424819115106,2.439158710538293e-08,1.51794348861768e-08,6.57577647023878e-08,2.7805774165523255e-07,9.537207574848172e-08,5.943698948167078e-08,6.886494973927912e-08,1.5337186119777493e-09
97,4.836495382875758e-06,0.07235114462283979,5.882047758053375,4.836495382875758e-06,0.07235114462283979,2.143347934659668e-08,1.4177564761744455e-08,3.085216887852649e-08,1.1118767728209413e-06,1.1321263360386658e-08,8.967320180349553e-09,2.4195655831053306e-10,8.93286003783585e-09
98,0.2649931940695087,0.023157950554252626,5.547714277363407,0.2649931940695087,0.023157950554252626,1.3236314893298883e-10,1.4742597457642934e-07,2.1272141336813786e-09,3.020505059681798e-08,1.416650776861174e-09,1.1354202680850851e-09,1.4170332298825164e-08,3.2252648673160203e-09
99,0.07565924065024253,0.10094620792112807,5.691709213123352,0.07565924065024253,0.10094620792112807,1.6401832559851667e-08,7.267257549144354e-08,6.445278050552718e-09,1.1778292855346245e-08,3.801933077250034e-08,1.2592022146612097e-08,4.994352815790533e-08,8.589467828425299e-08
100,0.10100058207156695,0.07576631014130433,5.691346285313302,0.10100058207156695,0.07576631014130433,8.84397663572765e-09,9.009429762487027e-08,6.139865217685296e-09,3.523129950705953e-07,5.209006195612789e-09,7.503268896244851e-10,1.8300267390372955e-08,1.0633432556078816e-08
101,0.05029391525602944,0.12587302525282307,5.684194801917522,0.05029391525602944,0.12587302525282307,2.15773609282508e-08,1.7969812613335387e-08,5.075555676264283e-08,6.872231144824617e-08,6.11383155655763e-08,3.3831320821703145e-08,5.053695250853561e-07,2.906535211887291e-08
102,0.7592486723813171,0.13188420865597045,4.402437260633208,0.7592486723813171,0.13188420865597045,1.2949311994207563e-08,2.3823937595685686e-08,4.799159414712775e-08,8.003524249538954e-10,6.679452369856683e-08,1.0935180948753673e-08,3.120090520597073e-08,1.6880596862399985e-08
103,0.6316260800258426,0.13696304744224647,5.304603903172919,0.6316260800258426,0.13696304744224647,1.5295824242065896e-08,1.6985016458970022e-08,4.0324742377682716e-08,6.273378275385099e-08,4.6512058543577453e-10,4.498097626326572e-08,1.8992709858898708e-08,2.1407374853228862e-08
104,0.16184467905332606,0.2162200705533242,5.2671935812030135,0.16184467905332606,0.2162200705533242,6.641544304007817e-09,5.805087744713326e-08,1.0145155095733264e-08,6.231012336792716e-11,1.2364568060558342e-09,8.933787323445384e-08,6.65802568533982e-08,2.311091676121744e-08
105,6.822909774639708e-07,0.8086206624229075,4.40461158858049,6.822909774639708e-07,0.8086206624229075,3.359531834664982e-08,1.5926903199281582e-07,6.655701899000433e-07,1.1706883608592047e-08,4.7883039121809705e-06,4.258155854140438e-09,1.4461683892788145e-07,1.4012195220858354e-08
106,0.8678262412869759,0.7712956764457134,2.8953380170599545,0.8678262412869759,0.7712956764457134,1.1941524124540653e-08,8.459478188635508e-10,6.035296656540278e-08,5.32961735769571e-10,5.917550307799256e-09,2.1226472631106873e-07,1.7194597994705994e-07,5.67823359413651e-08
107,0.7823664166197195,0.13028155143908388,4.270828880299136,0.7823664166197195,0.13028155143908388,2.082511279270828e-08,1.823768572690663e-08,1.0684994867873523e-07,2.423251309904569e-08,1.4342879304684497e-08,5.233089106690639e-09,2.6659592278093605e-10,4.68553948000967e-08
108,0.6318184793828264,0.18086269738069397,5.2118748426659955,0.6318184793828264,0.18086269738069397,2.7918334328983884e-09,3.9187815476128374e-08,7.672107174630041e-08,1.6846614355982905e-08,5.5735628767057795e-08,3.0855875956160005e-08,2.988465628754716e-09,8.658240708510848e-09
109,0.7458001998464856,0.2721994643801189,4.32762270599812,0.7458001998464856,0.2721994643801189,4.930706119207018e-08,5.9381435050664194e-09,6.006672680436509e-09,1.742096642017826e-08,1.8624334236792417e-08,2.0166549382674586e-08,2.072182899610054e-08,1.5453065935074396e-09
110,0.18268788058158184,0.10452823786223231,5.445067172776272,0.18268788058158184,0.10452823786223231,1.1001762058704603e-07,3.31720753643795e-08,2.2433289783742314e-08,1.972106398782549e-07,3.464195180921855e-08,1.108488470120929e-08,4.596562054022218e-08,1.193963066777047e-07
111,1.1320380373333085e-06,0.20201451737699405,5.607078329726681,1.1320380373333085e-06,0.20201451737699405,1.5081540319863544e-08,4.117411614184229e-08,2.110403947201063e-08,2.0448646806719565e-09,6.948259376248836e-08,5.125478250143629e-08,2.131842363453514e-07,2.4146740249336663e-09
112,0.20771405467874993,0.867092680269038,3.909259911091689,0.20771405467874993,0.867092680269038,1.8141314694785158e-07,1.7412605826262863e-07,2.5380475813812377e-10,1.0373052312380574e-08,8.220288111115068e-09,2.9836589643502354e-08,2.9313853247167486e-08,8.559581294120811e-08
113,0.02397592664970413,0.023925763747085275,5.941378157166911,0.02397592664970413,0.023925763747085275,3.2747476753111924e-08,3.3539733510341836e-08,5.422834862655446e-08,8.515302175866715e-09,6.09374214272655e-08,1.1911575443772724e-07,3.068547941930302e-08,9.845164341625387e-09
114,0.06371501843384716,0.8311632139482729,4.238131660118021,0.06371501843384716,0.8311632139482729,2.4843699865107016e-08,2.594860201318068e-08,1.0330881897101262e-08,1.6422404745393893e-08,3.258168853507777e-07,1.9786124393900234e-08,3.583503499685155e-09,9.330376606468444e-08
115,0.10872481556829898,0.24418065203812425,5.372316549677287,0.10872481556829898,0.24418065203812425,3.319412038883883e-08,3.3618112035919014e-08,8.162939841722385e-09,6.443357014858262e-08,3.932585486753561e-08,2.1019670808353432e-07,7.392721505275137e-09,1.0966889285530931e-08
116,0.6881660244583696,0.06886160867534027,5.062865912388609,0.6881660244583696,0.06886160867534027,3.106924378460191e-08,6.911556906970641e-08,4.0561712913506224e-10,8.581331841219594e-09,1.5049055542208575e-07,2.0936085897219838e-07,2.2912934053648347e-08,4.408417532564804e-09
117,0.2806496564154462,0.7963593252131909,4.04372606033551,0.2806496564154462,0.7963593252131909,3.1472374172942087e-09,0.0008662649089720162,3.511298310322266e-09,4.8693582894926935e-08,1.634740291754638e-07,5.57410326079628e-10,1.3477495383345633e-07,1.478980338507284e-07
118,0.2121030532162608,0.1061633586772793,5.399420009986445,0.2121030532162608,0.1061633586772793,3.743343981206562e-09,2.1895357264287987e-09,1.2551017705170196e-07,8.072853407875201e-10,6.58482565983509e-08,1.7125591634848828e-08,3.267591125255666e-07,3.660276599986525e-07
119,0.7605443733903771,3.4445761226992166e-05,4.653902978976356,0.7605443733903771,3.4445761226992166e-05,1.4362799441801157e-08,6.40214632744274e-09,2.9033265208375956e-10,3.8475459426232646e-08,0.0008800199041594783,2.9139270885661382e-08,1.753611212327287e-08,1.2747925949485916e-07
120,0.07153241330853793,0.6417663363013923,5.391279082357791,0.07153241330853793,0.6417663363013923,1.4387041809862599e-09,7.578144961757127e-08,2.077470039477841e-08,9.674912731166957e-08,3.3819592405193533e-09,4.698952653627802e-08,6.293735389907061e-09,9.249915336773132e-08
121,0.09983418745086621,0.05001216448300304,5.746768362623424,0.09983418745086621,0.05001216448300304,4.488240280233663e-08,3.5160518645424076e-08,1.0871361863516375e-08,6.198110926379145e-08,1.5251507184752485e-08,5.294768937226671e-09,1.395653468300515e-11,1.1089591215167863e-08
122,0.8323089624497602,0.26933346162877364,3.913309738318026,0.8323089624497602,0.26933346162877364,1.7770401253539836e-06,6.025286939506983e-11,1.337925278327994e-07,5.743432131322684e-09,6.534756282835604e-09,2.1406975840288808e-08,8.563409833074229e-11,4.211140454269658e-09
123,0.6989685587011096,0.8225772429218098,3.450579898700231,0.6989685587011096,0.8225772429218098,2.260552556676942e-08,3.845812944032468e-08,1.1179615249803015e-07,1.0224640191453277e-08,2.1072058917317826e-08,1.1273423669423231e-09,1.6554730616150485e-08,5.602156876708399e-09
124,0.6692787535169642,0.10558574294490898,5.120092870353909,0.6692787535169642,0.10558574294490898,1.4341941221140405e-08,6.183416939217624e-09,2.9585309859829014e-09,1.0377558877855153e-08,7.2749492212139875e-09,2.352695319794813e-08,5.008981793409752e-09,3.2087720926943823e-09
125,0.7825718795823587,1.0649666649542588e-05,4.5227093180930975,0.7825718795823587,1.0649666649542588e-05,1.5158142835166901e-09,1.510084967434753e-08,6.877126790463678e-09,1.1388590370419413e-08,2.2116868416249385e-07,4.3566579217752805e-09,1.232119711202349e-10,1.70252723383066e-09
126,0.6316260800258426,0.7128651708458074,4.559658380350495,0.6316260800258426,0.7128651708458074,1.6327343651575365e-09,1.5684268036790743e-08,4.6024242972656305e-09,5.089587768328186e-08,2.7968916750170233e-09,3.778332106450325e-08,1.9148013794619423e-08,5.047330931594718e-08
127,0.034856239150877044,0.661318907659692,5.325897818721396,0.034856239150877044,0.661318907659692,1.1380836204271314e-08,2.6571496452963276e-09,7.428574164043514e-09,1.0637868917802582e-07,7.914498131586966e-09,4.858808431661407e-08,1.9226882664653897e-07,6.82290567870467e-08
128,0.7940968725373994,0.7550493423500283,3.151743545783221,0.7940968725373994,0.7550493423500283,1.8705936968753264e-08,1.519884815985945e-08,7.409823420496696e-08,1.548260726412157e-08,1.035541593374795e-07,6.604055605008328e-08,2.5053848745889033e-08,3.944703110616787e-09
129,0.6946343452840654,0.13885744162767416,4.851408649607444,0.6946343452840654,0.13885744162767416,1.0216862603538296e-07,2.633974104337102e-09,1.9376952598735338e-10,7.518303524027642e-09,1.5964126846741254e-08,2.4725785981870475e-08,4.7403509893553794e-08,8.175347415751995e-08
130,0.1659676449821617,0.7634770427030899,4.300695296707726,0.1659676449821617,0.7634770427030899,5.20185249331234e-07,6.0086603305414805e-09,2.0896180620803942e-08,2.2461958498385623e-08,1.0134133080756797e-07,4.2538303150252283e-08,1.6955370585261708e-09,1.9181755516671202e-08
131,0.17816500725174492,0.6764291598825886,4.906136360011587,0.17816500725174492,0.6764291598825886,2.9024060699947865e-08,7.680257455626969e-11,2.098342561150642e-11,3.456747746796426e-09,7.622614220417459e-09,2.0100551916735575e-09,4.322860507655258e-08,3.2549087299902603e-08
132,0.8404667280025279,0.09706350993801768,4.146989756799845,0.8404667280025279,0.09706350993801768,2.8876204031707757e-08,3.096760538547748e-08,7.732986426692827e-07,1.0908536629378076e-07,8.004964187525957e-08,3.590208267998636e-07,6.0164754880700076e-09,1.4951332218743013e-07
133,0.032343165588089556,0.7464157773889782,4.70186594562609,0.032343165588089556,0.7464157773889782,1.8944961855521365e-08,3.2906995268285424e-08,5.2522229199651094e-08,1.3948570132509613e-09,8.569667674817636e-09,9.420459324062836e-10,4.0158262080292905e-08,5.877179022296602e-08
134,0.18028094372857484,0.6317574056479198,5.213289369279949,0.18028094372857484,0.6317574056479198,6.998147396645603e-08,3.12874270612114e-08,1.1044743431203921e-08,2.8756053469253817e-08,2.632949562427986e-09,1.4784634994042955e-08,1.8801042499254352e-08,9.955025040538914e-09
135,0.023590411023115557,4.135202254812726e-08,5.971209919630638,0.023590411023115557,4.135202254812726e-08,2.8022285116247397e-08,4.756983228665215e-07,2.1820430955250284e-08,1.2538022929803953e-08,2.6003450107618887e-08,9.032211928570658e-08,1.6597379162355893e-09,3.565957181282582e-09
136,0.6725720189207494,0.1413343745714863,5.011356455685993,0.6725720189207494,0.1413343745714863,5.4786551530446024e-08,2.7402414272632403e-07,7.529496889293721e-08,2.2263703095758333e-09,3.531823773377107e-08,1.1508185377082753e-07,9.650010595186488e-10,8.872925684446107e-09
137,0.661340020859733,0.7063110151480153,4.4077304499500665,0.661340020859733,0.7063110151480153,7.681060318902803e-09,3.68263744260012e-09,2.623922463745899e-07,3.529050300504807e-08,2.601932962512625e-08,9.911032472440659e-09,3.1849059862738956e-07,4.163752200316043e-09
138,0.6483619351611967,0.14428577602234752,5.177566302518426,0.6483619351611967,0.14428577602234752,5.348037887733646e-08,1.9249735336126875e-07,8.377778403045447e-09,1.1163964514637547e-07,6.98386557704574e-09,1.7919925810509552e-08,2.4094002811821342e-08,8.120044678601541e-08
139,0.20748265802338148,0.7261517929795887,4.487936541008883,0.20748265802338148,0.7261517929795887,8.269506771008122e-09,2.3448876357881831e-07,8.821995548071176e-09,1.3083305805069364e-07,2.2055720603883503e-08,1.928519776500265e-07,6.151372727481858e-08,7.425890233229509e-09
140,0.7555516372189643,0.0988278945382621,4.50484892358924,0.7555516372189643,0.0988278945382621,1.4150390355767253e-07,7.859575129265244e-09,3.77313648496084e-09,1.2271966051042588e-09,2.198650526949837e-08,5.22303420087268e-08,1.3814560286022099e-08,3.888173947954068e-08
141,0.21545435554427234,0.6826998607267649,4.806000218203827,0.21545435554427234,0.6826998607267649,8.305737289380307e-09,1.3482253396221052e-07,7.245288138393453e-09,3.109887973509122e-08,3.93964801137893e-09,1.3105947276431685e-08,5.471393810406117e-08,1.1646610582895983e-09
142,0.1857573294808938,0.15938275309170774,5.313094677820471,0.1857573294808938,0.15938275309170774,2.7259185675868843e-09,1.0201566345304424e-08,3.761241911623433e-09,1.2239925207380402e-08,1.9602442031831718e-08,1.1859350757766024e-07,1.3557278201410642e-08,4.443172468501184e-08
143,0.056040962232964155,0.26368739208444225,5.491111093913334,0.056040962232964155,0.26368739208444225,2.017636989185884e-08,7.524208123865379e-08,2.0145253663393739e-07,1.4594285697350373e-09,4.8452347646326966e-08,1.538186650075915e-08,3.477240146210879e-08,8.611854245475787e-09
144,0.8601354505744059,0.2040619297377469,3.9114454238345204,0.8601354505744059,0.2040619297377469,3.884038750235375e-08,1.5267026743253242e-08,3.53046524803366e-08,1.1713218270831281e-08,3.637491573961416e-09,8.648648196219001e-09,3.733369416329023e-08,5.751436341633901e-09
145,0.852217163792136,0.238842194288266,3.8845064583560895,0.852217163792136,0.238842194288266,2.788631918079628e-08,2.9699574335884458e-08,5.3327200595917334e-08,2.0911763882380396e-08,6.521008461603183e-07,2.4033986721836942e-08,1.8920315594439515e-09,1.3038672176990171e-08
146,0.0968874863554927,0.778756191886317,4.369694741506576,0.0968874863554927,0.778756191886317,2.6754665876004918e-08,3.436912092801861e-10,3.034343250749607e-08,2.114517904526322e-09,2.184083633576921e-07,4.9212271756498686e-09,4.387743794274354e-07,1.3241221121191823e-08
147,0.10572916087775822,0.669104518200574,5.121034013523621,0.10572916087775822,0.669104518200574,1.5503969006729675e-09,1.3790775781659234e-08,1.3069321396090918e-06,5.602038289610019e-09,3.3000834084731627e-07,1.0706544413697699e-09,4.199805099002651e-08,3.565076762921519e-08
148,0.23562121585941542,0.8082878010607502,3.982627928495637,0.23562121585941542,0.8082878010607502,5.859186953115525e-09,4.1557647028731863e-07,5.422331341536909e-10,5.455268853287645e-08,8.984766235721066e-09,9.05941724010921e-09,2.130579665530492e-08,1.731894105660546e-08
149,0.8225019724953191,0.6991546185557692,3.4493778838355516,0.8225019724953191,0.6991546185557692,2.4513032728158033e-09,5.5355543764405935e-08,2.9420095448822473e-09,1.6007741605924986e-08,7.929817849871897e-09,4.7112046166939824e-08,1.2914896368225075e-08,1.587197929083384e-09
150,0.7281767965720314,0.6855985344130867,4.065662220304301,0.7281767965720314,0.6855985344130867,1.9943269145463837e-07,3.9947314483789e-08,7.336486341785437e-09,1.0853196994572657e-08,9.018006967568902e-09,1.8289640017670183e-06,1.91313395604611e-08,3.0598986713964915e-08
151,0.25556618444041057,0.6467644374742941,5.047408538610343,0.25556618444041057,0.6467644374742941,4.213455628968979e-09,1.4929715804442869e-07,3.869470028429005e-08,2.9149152235713858e-08,1.6209210221211216e-07,6.375115860480333e-08,1.3268007032921673e-07,3.532753149513234e-05
152,0.7463097464603878,0.032507724149288444,4.702327699581065,0.7463097464603878,0.032507724149288444,1.6675710741082753e-07,7.586365029501787e-09,3.003449994901168e-08,4.045139448158857e-08,1.2374193057732764e-08,4.154661869898244e-09,1.5546539794117977e-08,4.207166523880745e-09
153,0.2114611583545177,0.7048240502186404,4.642777738963236,0.2114611583545177,0.7048240502186404,1.336224686489479e-08,4.729513847711828e-10,2.0999205515393038e-07,5.034692802805991e-08,2.7020562544809223e-09,1.015852896087511e-07,3.4626369658928645e-08,3.1202330666491024e-09
154,0.8162629276447187,0.1631872865363218,4.051729370776942,0.8162629276447187,0.1631872865363218,6.42229204604333e-08,3.896787554009922e-09,3.233930650603367e-08,3.152864426093479e-08,8.232564818250157e-09,1.3411923812787766e-08,1.042885456836102e-08,7.103497772853063e-08
155,0.05001332889754308,0.10009958918492491,5.746140143555281,0.05001332889754308,0.10009958918492491,2.532752887283221e-08,6.2307232349507854e-09,7.666197475145616e-10,3.491789321589181e-07,1.2365102583331869e-08,1.4606478808644215e-08,7.792013921897866e-08,1.539543828789898e-08
156,0.6527332684599194,0.18144961487196523,5.0715964642036875,0.6527332684599194,0.18144961487196523,2.7186744029954402e-08,4.142515079720152e-09,5.719002089908616e-09,3.54709196553025e-08,1.1641921982465059e-08,6.970779118084091e-09,8.83457660516949e-09,2.746313160056832e-08
157,0.6709439210722805,0.7976458256312844,3.751420404915532,0.6709439210722805,0.7976458256312844,2.0089714275704756e-08,1.7705822555015767e-08,1.9527373226402447e-08,7.198705420843951e-09,1.8323868805814554e-08,1.3129834343268938e-07,3.884069513763943e-08,7.175060393645008e-08
158,0.6764694072994186,0.7617657230223558,3.9044066743808283,0.6764694072994186,0.7617657230223558,7.032830453633279e-09,1.7206101027924676e-08,1.0941602345783412e-09,6.979750592809927e-08,9.51114800199764e-09,9.22058344719797e-09,1.1025749096725195e-08,4.0981465992556524e-08
159,0.7305126795173746,0.06626028560944003,4.7510646551418,0.7305126795173746,0.06626028560944003,1.0560086289047625e-08,2.130017282915426e-08,1.3899642096747478e-08,1.9273743677708135e-08,4.8136749584340375e-08,3.0097385407160078e-05,1.1403825992540711e-07,3.535271036327901e-08
160,0.7141611734780375,0.2499682988239202,4.549956924485765,0.7141611734780375,0.2499682988239202,1.663218778953607e-09,2.9539111685135546e-09,7.812961967542961e-09,7.331161059371133e-09,8.224526290948953e-08,8.307182006844325e-09,1.3166945926409218e-07,3.6070219846465037e-08
161,0.07765613687868737,0.1813596215728519,5.509468636596806,0.07765613687868737,0.1813596215728519,5.16941478245062e-09,8.48511060606359e-09,5.1999394726933636e-08,7.692817948219098e-07,2.986574793850505e-08,2.1609306409596224e-07,3.513131778072672e-08,1.3034645477122059e-08
162,0.7954245069321736,0.26990428507501896,4.037567764272779,0.7954245069321736,0.26990428507501896,5.0111698630689306e-08,8.584192743050808e-09,1.2719563708013353e-08,6.715173221787074e-09,4.519849855191734e-10,9.785132517408779e-09,8.123744013853389e-08,1.720845992636094e-08
163,0.19885445133647156,0.7950437246489452,4.072495554628454,0.19885445133647156,0.7950437246489452,6.962452656603839e-09,5.8975542043992e-08,2.241299465317602e-07,1.763592734162271e-07,7.089558681759605e-09,1.121319365831374e-07,2.4155175960364235e-09,1.85766820890591e-07
164,0.00028566293759354794,0.846607469599052,4.313118516655536,0.00028566293759354794,0.846607469599052,9.027381042181699e-08,1.5249385046701649e-07,2.185767614882844e-08,6.149213020777099e-07,3.5487334796425176e-08,1.4232739984328142e-08,2.3974412826399025e-09,1.7701782493374443e-08
165,0.7699488184515908,0.20124340301578286,4.201556413978639,0.7699488184515908,0.20124340301578286,6.511546872448188e-08,2.4462754865180357e-09,2.521964943487328e-10,3.5325462387177383e-07,7.281173131745721e-09,3.746196329788882e-09,4.202823509305573e-09,4.5199277846818164e-11
166,0.7947946090153674,0.19895463209597006,4.073496816061994,0.7947946090153674,0.19895463209597006,1.081717295298258e-08,2.6566919270513947e-09,1.4161452822795125e-10,4.438805855079313e-09,1.715348163765693e-08,1.3813240036749788e-08,2.7631385916736173e-09,4.792102298096426e-08
167,0.16430531340960797,0.78772547542705,4.16763880283016,0.16430531340960797,0.78772547542705,7.689858215395921e-09,1.1706630723576563e-08,9.50511604184565e-08,4.270509146998488e-08,3.9068148904143314e-08,3.010246640395212e-08,3.882630560246073e-08,1.171747364510333e-08
168,0.8097716296085982,0.12941009121329808,4.149418408015044,0.8097716296085982,0.12941009121329808,3.9384616424168423e-07,5.29690978272272e-09,1.2694480758173788e-08,9.99244543551236e-10,9.658803152970733e-09,2.068170393778994e-08,1.8818211864422773e-08,3.279770596794664e-08
169,0.753718186613482,0.8891175932148073,3.036822174465911,0.753718186613482,0.8891175932148073,2.23164438899079e-08,2.4548461528827396e-08,1.2703485064011764e-08,4.188696395878498e-09,2.7521470218324763e-08,9.40314980278959e-09,6.422683319546944e-08,1.5907739263844606e-07
170,0.8309474090664548,0.06407470941011584,4.2378681003766365,0.8309474090664548,0.06407470941011584,8.600773022464517e-09,6.633701174077413e-09,6.494279145061254e-08,2.524647853959801e-06,1.1809208824925824e-08,5.744808556277474e-10,9.819857014716536e-07,4.1865333809828046e-08
171,0.0317209163604504,0.7914314238207353,4.436992356514294,0.0317209163604504,0.7914314238207353,1.399569257503784e-08,1.0636710188148972e-08,1.4394480327023794e-08,9.368296689186305e-08,6.0780058969909784e-09,6.104189047445776e-08,1.9908947858411633e-09,2.2233233957454602e-07
172,0.688597060715856,0.888237027584929,3.5099050326227488,0.688597060715856,0.888237027584929,6.9623668754928165e-09,6.364704177205655e-10,4.737626221921124e-08,1.2998461813755342e-08,2.302947410332052e-08,6.625166337235437e-07,3.417928915172155e-09,1.9821253290735953e-07
173,0.6849105121925397,0.728759579761994,4.066594671248573,0.6849105121925397,0.728759579761994,1.5875163772940784e-07,1.2763723081486266e-08,8.124651741181552e-09,4.005653635163576e-08,2.221350870354995e-08,7.0678973139743855e-09,1.0074972953258915e-09,6.21130689804485e-08
174,0.09722849928952615,2.6434292818073484e-08,5.8256334011287825,0.09722849928952615,2.6434292818073484e-08,1.6095703274260375e-07,1.5056273364952978e-07,1.555723021585773e-09,1.7875368711934856e-08,5.083230942639275e-08,3.150370805370839e-08,1.6423214092575686e-09,1.7263148954739624e-07
175,0.024849949223893907,0.12428087478372842,5.730607791837692,0.024849949223893907,0.12428087478372842,1.5013821146467483e-07,2.0835929658515275e-08,5.497425033187327e-09,1.188982199250884e-08,6.151644979656389e-08,3.8399085816094866e-08,1.32394855878622e-09,4.2720045667655026e-08
176,0.034039405178694894,0.6838400042721404,5.161186794781232,0.034039405178694894,0.6838400042721404,8.31100171475578e-09,1.632958596274654e-08,5.181726183241807e-08,6.088553368770526e-09,1.0285640588390134e-09,1.0529645786305089e-08,1.2702898583739296e-08,5.616725116934654e-09
177,0.24434082925233386,0.10865262943436084,5.372454920486925,0.24434082925233386,0.10865262943436084,6.5550142391786936e-09,3.52665656642644e-09,1.5666816896495415e-08,3.280833284811511e-08,3.884280350004773e-08,3.733738868316416e-08,4.008313572279999e-08,1.104833429236499e-09
178,0.1743803224903054,4.790072343765703e-10,5.651701196839673,0.1743803224903054,4.790072343765703e-10,2.934239180129639e-07,3.075414088209867e-09,1.52939414695002e-09,2.3329722503000423e-09,1.7617665778742135e-08,1.4891953857569187e-08,1.5371592921333315e-09,2.8957197832275508e-08
179,0.12439439885989798,0.02486190223066871,5.730319865478152,0.12439439885989798,0.02486190223066871,9.496011513161816e-09,7.881745952440985e-09,1.4742830345897637e-08,5.562264795355059e-08,8.64442742695084e-09,7.152297173573706e-09,5.816186656371777e-10,3.096443722955104e-08
180,0.0001491577570308239,0.7826268734377068,4.522280483795115,0.0001491577570308239,0.7826268734377068,1.5354367195556082e-08,7.179320481000735e-08,1.1209386692692328e-08,1.8534671635458774e-07,8.407627237426732e-09,2.680098393812993e-09,1.2561907070319261e-08,5.793571954013138e-08
181,0.6917144496558981,0.10348083085386488,4.957357370078798,0.6917144496558981,0.10348083085386488,1.1214638647722173e-09,5.556883202532262e-08,1.797642772952702e-10,8.772768220728512e-08,3.42874400944003e-08,5.2052288533119587e-08,1.0899859566855343e-08,3.2377140676942912e-09
182,0.7962256334949102,0.8688383170198953,2.7662640930614724,0.7962256334949102,0.8688383170198953,2.032951075216776e-10,5.335311857003171e-09,6.385827813281975e-08,4.6043802932383526e-09,1.8372360095028514e-09,1.1127332929481289e-08,3.2948076923756718e-09,9.721794109528321e-09
183,0.7497118174107177,0.7081803821820667,3.7433592956386725,0.7497118174107177,0.7081803821820667,3.221391113118446e-10,1.895215390591584e-08,3.391610740463599e-09,3.8971407316330886e-08,2.498017365422786e-07,5.039700211146553e-08,4.323292765846473e-08,2.7960861248826298e-08
184,0.09656036725017134,0.804222395871837,4.248837155924763,0.09656036725017134,0.804222395871837,2.0841925000371416e-08,2.9897050771086394e-09,1.8241715740136113e-08,9.473545635787658e-08,1.8461541194920495e-08,8.031850298432649e-08,4.423765039082712e-09,1.3179234191204473e-08
185,0.16331196443042018,0.8161417782520332,4.051864619869792,0.16331196443042018,0.8161417782520332,2.841721354664661e-08,1.4622640504551302e-08,2.0438322030454192e-07,1.5064742250243255e-09,2.1687827647750695e-08,2.0225579682700687e-09,7.401512748547638e-10,1.4724116638803884e-08
186,0.15500592705179284,0.10334319409171738,5.502105838744569,0.15500592705179284,0.10334319409171738,6.08262866645253e-08,6.43901201571375e-07,1.4696862251036165e-09,4.475970733151687e-09,1.1434804472824392e-08,8.726006909917537e-09,5.391471068159816e-07,2.761163109380372e-09
187,0.8664082107519693,0.7082600666322407,3.330091971211835,0.8664082107519693,0.7082600666322407,1.4421219336259514e-08,8.459478188635508e-10,7.024222857267446e-09,5.935248573511939e-10,7.052336935138329e-09,8.323319485157953e-08,1.9076499653691717e-08,5.67823359413651e-08
188,0.0016616493667786641,0.632970106940896,5.563001860664079,0.0016616493667786641,0.632970106940896,3.2416877226931895e-08,5.768536455596416e-08,1.3593881509509726e-07,1.199927432956329e-08,2.4374482074825202e-08,8.856013927177285e-08,3.545257323090263e-08,4.562383020495569e-08
189,0.1415671985764671,0.6725158219432338,5.011237816169708,0.1415671985764671,0.6725158219432338,6.275946539851359e-09,1.1255123947968439e-08,2.5543780574093725e-10,1.0752181701866638e-08,1.2786055226519788e-08,8.584632889238461e-08,1.0586478367124792e-09,1.345513211728134e-08
190,0.6288786839947871,0.7665043415461672,4.204458777847003,0.6288786839947871,0.7665043415461672,6.352658712228687e-08,1.9184950371687103e-08,9.193091879867658e-10,1.601367095905901e-08,1.976655307459039e-08,4.987146057466451e-08,7.093054963459525e-10,1.5059789666113624e-08
191,0.07780007825975468,0.865595153674307,4.178647029643408,0.07780007825975468,0.865595153674307,2.23164438899079e-08,2.3980071549296863e-08,1.2703485064011764e-08,1.912339477592094e-09,3.340759453904125e-08,2.65763444115444e-07,6.422683319546944e-08,1.5907739263844606e-07
192,0.1715148718125184,0.7202414406931659,4.588498741580233,0.1715148718125184,0.7202414406931659,1.2325840719719622e-06,1.1594084532946755e-07,1.1059197859531507e-08,3.375161287919592e-08,7.247565724645256e-09,5.170434187736633e-08,7.473823159185618e-08,4.8437075548472375e-09
193,0.19833569301790455,0.8274370841110672,3.9586192011256527,0.19833569301790455,0.8274370841110672,2.0492392768371898e-08,1.0863234999280034e-07,3.097539610959092e-08,2.141588379157153e-08,9.666234855573882e-09,3.487179995226877e-05,2.2021588179584482e-09,2.1613863150396202e-09
194,0.6926919694385107,0.2547567521780403,4.712460117764208,0.6926919694385107,0.2547567521780403,1.31013291821245e-09,3.737936759854045e-08,5.3120748673722914e-08,2.7328316273507468e-08,9.7945036367115e-08,1.1202013224941928e-08,2.395218729927917e-07,1.6833153550776588e-08
195,0.02425251389382755,0.04854537642967832,5.900264116887717,0.02425251389382755,0.04854537642967832,3.104342910498356e-07,5.801480493378807e-08,5.603203115462207e-09,1.553676362644448e-09,4.63012957980742e-09,1.4653966231470999e-08,3.549622401787151e-08,2.913440874231495e-09
196,0.7341818856105792,0.10003174605204315,4.648960316962917,0.7341818856105792,0.10003174605204315,0.00011738493041834221,2.6000214684220455e-09,3.1574198257465695e-08,8.722091432956897e-09,1.3235612135535301e-08,1.2308262110095547e-08,2.3221242491137983e-08,1.7976275342946544e-08
197,0.7965702172565126,0.6715204397804109,3.751970434493699,0.7965702172565126,0.6715204397804109,1.372232901004365e-07,1.7557636008906686e-07,1.491775601492457e-08,3.3957442989208492e-09,5.4231519914226e-08,2.4803950333403688e-08,5.830382503449709e-08,1.0900420881320894e-09
198,0.24207199971421106,0.08070464288363058,5.438117439242317,0.24207199971421106,0.08070464288363058,1.0680648259264973e-09,2.0714079358724374e-08,2.401164861361564e-09,2.181227143882475e-08,1.208594238279029e-07,3.9721646336154266e-08,2.843411806618752e-09,1.6770680645732628e-08
199,0.26505672301699074,0.670454494159928,4.881527903392908,0.26505672301699074,0.670454494159928,1.888066207608659e-08,1.988821658838472e-09,1.1219932189887444e-09,3.2273380019644166e-09,3.9520073197393504e-08,1.3450202780225668e-07,6.422074635547894e-08,2.1497403737209054e-08
200,0.21396387560525199,0.13382079715584672,5.331700868791043,0.21396387560525199,0.13382079715584672,5.207992376580058e-08,2.248190724500935e-09,3.1760996440028535e-08,1.7385501582364444e-08,4.564297761936847e-09,4.6950589269756885e-08,8.011054698081189e-08,8.26179550780493e-09
201,0.7676847371347325,0.03218128078802216,4.565152478230494,0.7676847371347325,0.03218128078802216,1.2340603265040777e-07,8.624291890284473e-09,2.232352201855895e-09,1.1808042455960607e-07,3.763428688486289e-09,1.3130328177848356e-08,4.234736884578678e-08,2.3924785336851138e-08
202,0.6395012014265439,0.6305250992647955,5.102567385462923,0.6395012014265439,0.6305250992647955,3.5849935159500394e-09,3.3637458559100335e-08,1.165407552512422e-08,4.790850201584659e-07,2.4493205734554604e-09,1.0280237554845375e-08,1.2627252038656637e-08,4.765798601270764e-09
203,0.025405079745761634,0.17715013530960283,5.6151343140965935,0.025405079745761634,0.17715013530960283,3.479811639219073e-08,5.836749571592097e-09,3.07609785998066e-08,3.0062158555822887e-08,3.2156495261472185e-10,7.165027726405414e-08,1.54163525204421e-09,1.3776921720229504e-08
204,0.7713801943474261,0.7307269900125405,3.439454084366087,0.7713801943474261,0.7307269900125405,1.7191229610982357e-08,3.817342038987179e-08,1.083347577586215e-08,1.1871187294819012e-07,3.5414554167782476e-08,4.199278579733843e-09,3.333373149946971e-09,2.2330879530866265e-07
205,0.2081780572742758,0.05210066066318208,5.522709354971987,0.2081780572742758,0.05210066066318208,5.995248236460078e-07,2.9380236749312223e-08,5.4038812629600865e-09,8.388251348335792e-09,1.5068893017728478e-07,1.2216041241588115e-07,6.729332766013906e-08,4.9746409354426275e-08
206,0.24640642525698578,0.137004362423516,5.304870365886147,0.24640642525698578,0.137004362423516,4.509164977931924e-09,1.3157853042253924e-07,6.68686067320569e-08,2.9665792307964764e-08,1.6112508939419673e-08,9.985100329019992e-08,1.5052142993157223e-07,1.803715092840583e-07
207,2.734671832765748e-05,0.6775446192155731,5.253086882828775,2.734671832765748e-05,0.6775446192155731,2.8783637055400278e-08,7.332705730103212e-08,2.1287567471873336e-08,2.6439192262462007e-08,9.589858882397065e-09,3.168965710490366e-08,8.671850566092763e-10,2.889959638497372e-09
208,0.2234024297892462,0.22326040085109608,5.168872003593215,0.2234024297892462,0.22326040085109608,6.818742118749373e-09,1.7594321167163572e-09,1.019173008768926e-08,2.624955752187687e-08,1.2166190243495961e-08,1.3423171055194436e-09,2.2942256023519243e-08,1.5029952711149163e-09
209,0.8403454810258676,0.6727701556062529,3.609695326298574,0.8403454810258676,0.6727701556062529,2.246428224457043e-08,4.136220396102306e-09,1.4527247520882048e-09,9.767994058966973e-09,1.15263371919691e-07,1.3878391048151086e-07,1.2676807762474753e-08,1.2019756188917932e-08
210,0.7792156014609548,0.8802391290386642,2.8648902228327113,0.7792156014609548,0.8802391290386642,1.927847515239184e-08,9.158627343607793e-10,1.2821420394612117e-08,1.9586717466210476e-08,2.8311054644898972e-08,3.4182899705870235e-09,4.658532687756513e-09,4.7645581348360184e-08
211,0.051280800315090524,0.17949626861187018,5.567208568944931,0.051280800315090524,0.17949626861187018,3.1201967965730854e-08,2.4918157778902407e-09,6.607041469883404e-09,1.3737643534105048e-08,5.6429931300782615e-09,5.464986410126994e-07,1.7287792646886787e-08,1.7532629549598783e-08
212,0.8345865746384815,0.7547393409769869,3.019167124482139,0.8345865746384815,0.7547393409769869,2.599204895162813e-10,5.2456453431530064e-09,5.207229047828876e-08,4.127131926844689e-08,3.299080943483194e-08,2.6100378069429177e-08,1.888519034594164e-09,1.7216540240672593e-09
213,0.24990479200905358,0.7143374099131833,4.5486375444290275,0.24990479200905358,0.7143374099131833,2.2214052702268743e-08,1.3875088119725187e-08,2.8353003325067525e-08,4.8207443548085224e-08,2.7147678916709248e-08,1.8239451226610745e-08,2.64285691020301e-10,1.2487215662522791e-11
214,0.1978340232123783,0.25314893989000514,5.18604869774864,0.1978340232123783,0.25314893989000514,5.611517684983771e-09,1.4667434890411693e-09,1.2013337886249858e-06,3.029352648500335e-08,8.512817551423792e-09,1.0431975903239182e-09,7.849101717467563e-08,8.01606583053671e-09
215,0.16847962082259893,0.7415583390632045,4.440480079512561,0.16847962082259893,0.7415583390632045,4.2295576106731387e-08,1.4483200612092023e-08,5.1806860280057233e-08,2.4887001788015814e-09,5.0388989023609616e-08,3.9737700853445786e-08,3.571099809848953e-09,1.0117461228498468e-08
216,0.06543588964960553,0.7514032536216837,4.607013184338873,0.06543588964960553,0.7514032536216837,5.27854669689257e-09,1.102947965317496e-07,7.665701912960893e-09,6.350188275589377e-09,2.439627596325804e-10,1.2935895825808284e-08,6.2444645391375175e-09,4.097235829445488e-09
217,0.12694823069948433,0.076323373898651,5.628283757498053,0.12694823069948433,0.076323373898651,1.1503477558182848e-08,4.3542607915817904e-09,4.578536836497609e-08,1.368960080227202e-08,1.6603642355738743e-08,1.2927452117727916e-08,3.5174230118249156e-08,6.797302607154937e-09
218,0.8464437748469487,3.877771486339768e-06,4.313562840298072,0.8464437748469487,3.877771486339768e-06,1.803427257522805e-09,1.1393639836681448e-07,3.0086790124510976e-10,1.0355269138442865e-09,2.933450458269399e-10,8.660551678393323e-08,3.543300363092024e-08,1.046080453974085e-09
219,0.07346981694395946,0.024507715843267573,5.849509517789127,0.07346981694395946,0.024507715843267573,2.6910370558039715e-08,3.393339772857539e-10,2.120252879794797e-09,1.4259095098443642e-07,3.034055621959125e-07,1.977327314621341e-08,3.71855337668582e-08,1.2713940667436755e-08
220,0.7262267164308203,0.20721521433709925,4.48770617486687,0.7262267164308203,0.20721521433709925,4.585119940524918e-09,6.560642625373067e-09,1.433660473747908e-08,6.169628601431637e-10,1.1409787665367575e-07,7.016161284813453e-08,1.0276871370885756e-09,5.8603828367961606e-08
221,0.6341843893572762,0.2238925809489,5.140942916348517,0.6341843893572762,0.2238925809489,1.0062707759909236e-08,1.3980073411793353e-09,5.61408571551899e-08,1.1578877764327834e-08,1.3524434948933109e-08,5.8667821941416775e-08,2.210086369565352e-08,3.0007861665533336e-10
222,0.808426167559143,3.363058399960539e-05,4.405286771398272,0.808426167559143,3.363058399960539e-05,1.3611393010663825e-09,3.1652770406178065e-08,4.431020397691314e-09,6.343794194338566e-08,1.4169247433502882e-08,6.975959071874924e-09,8.117532415424946e-08,1.0818378818152703e-09
223,0.10255159661162255,0.1281112139548335,5.565202918585641,0.10255159661162255,0.1281112139548335,5.061966419661049e-08,1.5562842224061213e-08,8.746799768319105e-08,1.3776473151562172e-08,3.0858793229730534e-07,3.716506772767961e-08,3.112746305932554e-07,5.8679015353061074e-08
224,2.2555878175596535e-08,0.17437928564392685,5.651707224294684,2.2555878175596535e-08,0.17437928564392685,5.6048955926392374e-08,9.19159863366561e-09,1.1791329499820092e-09,2.7189630631310962e-08,3.0310084955879584e-08,4.723154418560696e-08,1.3424327261967191e-06,6.529119672951439e-08
225,0.8525047995770004,0.7306365537546309,3.163937557513534,0.8525047995770004,0.7306365537546309,2.9422917664322043e-08,1.390816677427354e-07,1.787497120636398e-08,1.0972495520952496e-07,1.1449417916714234e-08,2.2527691440816916e-08,1.1742134843473044e-07,1.4654313383075247e-07
226,0.8696358562014648,0.034967705593802384,4.264851099151252,0.8696358562014648,0.034967705593802384,2.5281687614726688e-09,5.0415457699163995e-11,8.944547722407398e-08,1.3894959391517106e-08,1.5171201153222018e-09,1.401086675990358e-08,1.8886089325118378e-07,3.4393393173917536e-09
227,0.10453976220657357,0.1827958802865297,5.444852735768874,0.10453976220657357,0.1827958802865297,3.973074054517306e-08,8.642081760931964e-09,6.934161482847243e-08,5.349164019513114e-09,6.870460684605898e-08,1.1177321163463271e-08,2.393721132573345e-07,2.952776995411721e-08
228,0.10173581357122054,0.10174404068152657,5.62996394732297,0.10173581357122054,0.10174404068152657,2.3350928305934965e-08,1.1726506469164046e-07,2.5150025816126454e-08,5.168508407623339e-08,3.340898817101001e-08,5.144934387146061e-09,1.7397211965394488e-10,1.9798708280584374e-07
229,0.632405132382403,0.26909495564486197,5.146139133733753,0.632405132382403,0.26909495564486197,3.5763783542596517e-09,5.654571018024831e-08,3.179248571094523e-05,2.446741280664237e-10,1.1055718605029086e-07,1.096265255513891e-08,3.811838895458249e-09,1.4323541957375237e-08
230,0.698756333596367,0.1744273093146599,4.744738102232392,0.698756333596367,0.1744273093146599,4.719772548005328e-08,5.999840739081939e-08,1.019800471620425e-08,3.0849164422904366e-09,7.852171133726757e-08,2.380941324405432e-08,1.431114287575213e-08,1.587643377025624e-06
231,0.0763006695028767,0.12711450309168376,5.6279406551247275,0.0763006695028767,0.12711450309168376,1.6508100628410107e-08,4.342702488486405e-08,8.513393951670573e-08,2.0484739726448054e-08,3.5231270897102725e-08,5.076059154511977e-08,6.413317400628118e-08,3.08177919844871e-08
232,0.2515743946132095,0.19683156154110923,5.187434757639423,0.2515743946132095,0.19683156154110923,2.5927266191746875e-08,4.774462116641965e-07,1.858776512509777e-08,3.3329705371882976e-08,4.091600673559834e-08,1.1984195601137512e-09,4.617907697849682e-09,3.061450818955864e-08
233,0.21901706343206773,0.19147843752033064,5.210342652539923,0.21901706343206773,0.19147843752033064,1.538500859500992e-08,1.0318755916567218e-08,2.0835789721725637e-08,2.9040595571231714e-09,2.4439540551231014e-09,9.31251970611846e-09,2.273765160377417e-08,2.2501062681166764e-08
234,0.049662082344379854,0.07443767510755062,5.805453264677352,0.049662082344379854,0.07443767510755062,4.536285118153327e-09,6.372082273569725e-08,1.5005963354878936e-08,3.079864351774206e-08,1.0302327604930737e-07,5.189067561567597e-09,9.829832016600263e-09,1.6459971831438184e-08
235,0.7303233015652314,0.771774208998314,3.4400799153368657,0.7303233015652314,0.771774208998314,5.148363696007663e-08,7.653859124030455e-09,1.1376011941469037e-08,3.4541242676039967e-07,1.5176139046264547e-08,6.526295370117309e-08,7.718386888815503e-08,1.179133203162479e-07
236,3.5945334481389535e-06,0.7395090743697931,4.791750124367494,3.5945334481389535e-06,0.7395090743697931,2.4719461068301742e-08,5.086391990201059e-08,2.0474039632364864e-07,6.8986753401453236e-09,3.0056099946985813e-07,3.2932763285842233e-09,3.511757285604232e-08,2.180656934475817e-08
237,0.6417940872046833,0.07114091247035088,5.391935181600155,0.6417940872046833,0.07114091247035088,2.283246094768872e-10,1.5700618417866297e-08,5.288537108483291e-09,1.2341721797370346e-09,2.6656329085336743e-08,4.549335442927975e-08,1.9253188978539472e-08,5.028029275967599e-08
238,0.11828510400546427,0.2713674569891358,5.354523008656591,0.11828510400546427,0.2713674569891358,2.2134720939170176e-08,2.4655883135137633e-08,1.1069255682165642e-07,3.5165927537922936e-08,1.9680911318427846e-08,1.1217616196026594e-07,4.709959177300606e-09,4.382624873790628e-09
239,0.652148165136083,0.738773595708832,4.233735312249272,0.652148165136083,0.738773595708832,2.5405539615150668e-08,1.0929482049182872e-08,2.182197114699993e-08,2.1003489744522432e-09,3.5672046115685495e-08,1.2483005388747466e-09,8.98756567690925e-09,7.611859023780481e-08
240,0.7386520899430477,0.6521922675470869,4.234284669088749,0.7386520899430477,0.6521922675470869,2.232611861479677e-08,2.3980071549296863e-08,1.1267966237661511e-08,1.7198173982078254e-08,9.193521720870873e-09,1.2017322974153018e-10,6.143008033617818e-08,1.7915828530091877e-09
241,0.03192341925463371,0.7678384828086606,4.5646381449396145,0.03192341925463371,0.7678384828086606,2.6905419570248732e-08,1.1535623277488124e-07,1.7107023029286262e-07,1.4580051123574168e-08,2.941837992242774e-08,2.6296584769809387e-08,1.2437754132622602e-08,4.68595154137702e-08
242,0.21979970180385625,0.6593860884164897,4.973213668935803,0.21979970180385625,0.6593860884164897,2.186735640647867e-09,7.102179474099916e-08,6.342818862131102e-09,4.018523861837417e-09,1.011647954645841e-07,1.912834755241932e-09,1.1189468048561693e-08,4.20814658326299e-08
243,0.048350567234761,0.024183883043457977,5.900723300519924,0.048350567234761,0.024183883043457977,1.0259292827293599e-09,6.860159422490236e-10,5.591212941302946e-08,5.321305013215295e-09,7.241492213647105e-08,3.356583485649975e-08,3.4123655005606095e-08,8.398364586743966e-11
244,1.1524436831431006e-06,0.7602743285160977,4.652672785455132,1.1524436831431006e-06,0.7602743285160977,2.9569502105686954e-08,5.931082168590689e-08,6.751508266103145e-09,1.778290366050106e-08,1.6492909852305253e-09,5.142274151783957e-09,4.21080219684744e-08,4.975556704106445e-08
245,0.2018772520354053,9.155325442933293e-05,5.607168769754563,0.2018772520354053,9.155325442933293e-05,1.585033106378404e-08,6.281047440257481e-09,2.2732093022707638e-08,1.2349940211225521e-09,1.6435333188856739e-09,3.855321220344816e-08,2.6511047888252353e-09,9.073706716008345e-08
246,0.8043199588583498,0.09644614311905543,4.248719448733885,0.8043199588583498,0.09644614311905543,1.7509119104293702e-06,4.051637385368631e-08,3.6826730091835156e-08,3.3077924517446355e-08,6.344715695158986e-08,1.7252434070843358e-09,2.9514939400262414e-10,3.226648466022387e-11
247,0.7061784898579847,0.6614755927812055,4.407758114355686,0.7061784898579847,0.6614755927812055,9.060325009134416e-09,8.156894750443376e-09,3.573884708000174e-11,1.2356551548107964e-09,5.632916369746783e-09,7.669887634565246e-08,3.171339739960288e-08,3.458475563800823e-08
248,0.2375468370115596,0.7806124685857712,4.109141877721802,0.2375468370115596,0.7806124685857712,4.4636307753826145e-09,1.2942116424301496e-09,2.4726950090178222e-08,2.498193868243249e-07,2.0552875215578642e-08,8.16221281165395e-09,2.1979436473366127e-09,1.1885487257450221e-08
249,0.6316260800258426,0.8594065744802407,3.8802023133976142,0.6316260800258426,0.8594065744802407,2.617558712791527e-08,1.5684268036790743e-08,4.6024242972656305e-09,6.289430168342294e-08,2.262510413441329e-09,4.665364370523573e-08,1.9148013794619423e-08,5.047330931594718e-08
250,0.7736405421050428,0.06448324042143484,4.47065244399371,0.7736405421050428,0.06448324042143484,2.2864821478424914e-08,1.1920674884618034e-08,2.207895030123136e-08,2.998875144717726e-08,2.6462616769331862e-08,1.561117918623523e-08,6.845315365622137e-08,5.7542041472364873e-08
251,0.2669717769605488,0.11129981049216597,5.368948537463241,0.2669717769605488,0.11129981049216597,2.955905174417689e-09,2.2856509339698285e-07,7.89310960218719e-09,4.913249109257587e-07,1.2983209247228901e-08,6.704024963190137e-07,7.341683979702969e-07,1.4703384942467283e-07
252,0.6947178149561638,0.6964966111641723,4.23400966252947,0.6947178149561638,0.6964966111641723,6.118844597632361e-07,2.0813021729439323e-09,4.575404943207032e-08,1.179371935505733e-10,6.872415821255616e-10,9.066920275808286e-08,1.7317241724913427e-08,4.543119924467371e-08
253,0.2358462799526049,0.026397683385843716,5.543791369431879,0.2358462799526049,0.026397683385843716,2.6227084153213266e-08,3.771665542030602e-10,1.2395011510834602e-08,6.14827439690867e-08,1.595422642331341e-08,5.733608657929187e-07,3.814191206718644e-08,2.4150250704587825e-08
254,0.09121801975951623,0.264523324081838,5.415691101937245,0.09121801975951623,0.264523324081838,2.7879081281365188e-08,9.400000035469382e-05,1.1264005187676122e-07,1.7642346057482863e-08,1.0927823650184562e-09,2.4775008104731856e-08,3.205931077249521e-09,1.7336578488092085e-08
255,0.637077315363882,0.034967705593802384,5.492008763747159,0.637077315363882,0.034967705593802384,2.5281687614726688e-09,5.0415457699163995e-11,8.944547722407398e-08,1.3894959391517106e-08,5.3872278602241934e-09,1.4794271566200254e-08,2.278978589606436e-08,1.256230092363733e-08
256,0.14706517443244865,0.26767125303711453,5.28542537523316,0.14706517443244865,0.26767125303711453,4.930706119207018e-08,1.3508000759385162e-09,1.3823888333008938e-08,2.4834502174738904e-09,1.5790298667377914e-08,2.0166549382674586e-08,2.072182899610054e-08,1.4835344575305166e-09
257,0.7258361841335416,0.03296405625453945,4.847009638635598,0.7258361841335416,0.03296405625453945,1.3168866886481066e-08,3.5456015453569796e-08,1.072842418041114e-07,3.502098011996941e-08,7.99165422532566e-08,3.3106210953890196e-09,3.7925601732863e-10,1.4012695674207217e-08
258,0.1916770416105138,0.2190230576390344,5.210028953298881,0.1916770416105138,0.2190230576390344,5.98645853626688e-09,1.8182072284039516e-08,4.780327068039027e-08,6.889987825376556e-09,1.1422547054183262e-08,1.889760302149222e-08,3.4584908077262106e-10,1.2622466609771076e-08
259,0.6316260800258426,0.7384912804134784,4.3721144443094255,0.6316260800258426,0.7384912804134784,7.755427126393611e-08,5.195960263339669e-08,3.4191646004996773e-09,2.4935518118024326e-07,2.6863832755778893e-08,1.8060438576388707e-08,2.1295447674508485e-07,2.2288587284430937e-08
260,0.7874682140788077,0.1639768890141664,4.169596464472415,0.7874682140788077,0.1639768890141664,6.369958030800605e-09,6.541894505132166e-08,4.066221533789532e-08,1.4209433947083236e-08,2.7325063053316037e-08,5.982591777694321e-09,9.278781274654779e-08,9.503690980717481e-10
261,0.12809901079998176,0.1025467441657518,5.565240908242736,0.12809901079998176,0.1025467441657518,6.804420574867961e-09,1.0808534118531148e-08,1.0550490346698608e-08,2.2916360070082484e-08,9.43922722782388e-09,2.2194420031021505e-08,9.103220593749262e-08,7.93115160859783e-09
262,0.04913850383559022,0.04909387932526281,5.857907200715459,0.04913850383559022,0.04909387932526281,1.5021577370683725e-08,1.8237171936494395e-09,7.448183011033911e-07,6.777393375887886e-10,4.3448325458733066e-10,7.464356406048954e-08,7.865857309014074e-07,2.302081164226356e-08
263,0.13876259934791962,0.6949683546775669,4.849097971091987,0.13876259934791962,0.6949683546775669,2.8894886422757394e-07,6.362357485601649e-08,4.0565263556211346e-08,4.6883222308486106e-08,2.102312657409827e-09,4.118916408317768e-07,4.0772183161646684e-10,3.1435516024710893e-07
264,0.0031893166978501086,0.2580513562271718,5.570552142601247,0.0031893166978501086,0.2580513562271718,1.8003615582798664e-08,1.815154694488501e-08,5.58043995001592e-09,7.246228574821723e-09,6.138065346291068e-08,1.0054336179945638e-09,1.6382073362473583e-09,3.618012732369505e-08
265,0.25647977582217263,0.004211305935142878,5.569207599221348,0.25647977582217263,0.004211305935142878,1.526777292464838e-08,3.888047835205203e-10,4.992299104046112e-06,3.443626405106044e-08,2.2462843795319637e-09,1.2931815420262428e-07,6.709538604874652e-09,9.206804601955202e-09
266,0.13441697481864007,0.7373369050804495,4.544401291442429,0.13441697481864007,0.7373369050804495,2.598152356971141e-08,3.8101238731517044e-08,1.1839867237473126e-08,6.86398933386865e-08,8.742991955577316e-09,4.115595733192204e-08,3.427865493431475e-08,8.82061650591719e-08
267,5.381502454701592e-07,0.6550879823442481,5.416257509527584,5.381502454701592e-07,0.6550879823442481,1.1897399814325073e-08,3.7801471569213284e-08,1.7443603525222098e-09,1.7727551592449536e-09,1.1476395505579049e-08,8.209360384150399e-09,1.2891968177888505e-08,1.9076522023038968e-08
268,0.8595519266010424,0.6467247867853786,3.781120816073093,0.8595519266010424,0.6467247867853786,1.4991325990344926e-08,3.992502930001979e-08,1.9631090130711975e-08,3.2501828322371183e-07,7.152103735865703e-07,1.1580245516087358e-08,2.362186664873087e-09,1.1530558944744561e-07
269,0.8787152712389368,0.06584924530896817,4.217607989669277,0.8787152712389368,0.06584924530896817,5.38492615177457e-06,1.8327768993941643e-08,1.3879009552130498e-06,2.6534072590157854e-09,8.907438063491755e-08,7.999378561766067e-09,1.4228137268211402e-09,9.270852133914238e-09
270,0.7572580558772992,0.24063966173925622,4.246804991470102,0.7572580558772992,0.24063966173925622,1.9935896335278352e-08,6.957314007413432e-08,2.7686381559570194e-08,8.814272710057684e-09,1.1418682221747828e-08,3.938799484836407e-09,3.2520416393952194e-08,3.164086823107193e-08
271,0.7082605460107523,0.7496861449663218,3.7429272845537804,0.7082605460107523,0.7496861449663218,3.311955894969763e-08,2.9835891545081985e-08,1.8539965176685507e-07,1.6457001756930496e-08,1.0760938434423726e-08,4.99411363661626e-08,1.9866962689093546e-08,3.5861508001449804e-07
272,0.10376182664220934,0.6916822212839868,4.956934295990618,0.10376182664220934,0.6916822212839868,8.351116430510931e-08,1.293813097483359e-09,1.3481206001822808e-07,4.7952568478887415e-09,9.709983677449771e-08,1.9494761789947705e-08,2.317317299522221e-09,4.164286529758468e-09
273,0.03296352653166541,0.7256099943247742,4.848670325082536,0.03296352653166541,0.7256099943247742,1.6576427791009818e-07,1.0579216073824461e-08,1.677567810084282e-08,7.362177228932795e-09,5.3037104132271084e-08,6.932704565908961e-08,3.9559816395441235e-08,9.889328958136951e-08
274,0.6617642631821752,0.03454897044396826,5.323201127864623,0.6617642631821752,0.03454897044396826,9.020513494480913e-09,4.831587754178075e-09,2.1117744497141201e-07,3.3077392145838578e-09,5.91962952791844e-09,6.385150241843367e-09,1.7491776362358177e-08,4.079804332486543e-08
275,0.2653145328230597,0.13850967864923625,5.303846119511918,0.2653145328230597,0.13850967864923625,2.594350784743469e-07,7.414131904949996e-08,9.350774001010958e-08,1.0705277132916147e-08,6.697680710587793e-09,4.635430234076756e-09,1.6946355723943094e-08,1.2382352094597388e-07
276,0.20535381584437676,0.0256672277927183,5.570980717796348,0.20535381584437676,0.0256672277927183,5.1560707698326933e-08,2.8151278783426015e-08,2.2115768786499055e-07,3.699514714101687e-07,2.5417780118504666e-09,1.1316941302187858e-07,3.2069361436713984e-07,1.864986907223345e-07
277,0.7546211871941725,0.7945817960597051,3.1522990742612085,0.7546211871941725,0.7945817960597051,1.1985679018423403e-08,2.4784376427795134e-08,2.33118771165567e-08,3.60889523089362e-08,1.5811147033328416e-08,8.01768366158084e-09,2.2546119793961195e-08,3.377987578535383e-08
278,0.26585737668122517,0.7703990535968799,4.167034935227337,0.26585737668122517,0.7703990535968799,1.0777535287747804e-08,5.956856592885503e-08,6.155055443214402e-09,1.3687680018950942e-08,4.347415398732777e-09,4.8291905373741713e-08,3.170447724467133e-10,2.504206132988388e-08
279,0.681478606866369,0.6360206870029177,4.768836181066408,0.681478606866369,0.6360206870029177,2.3945466310051143e-08,3.702271569096791e-08,1.682232238004434e-08,4.0335878375530494e-10,2.6788625107002824e-07,1.4281847301573878e-08,3.858127689508337e-08,1.6026409964126665e-08
280,5.1236335726640575e-08,0.04779751403492463,5.931392177902244,5.1236335726640575e-08,0.04779751403492463,1.4216635518594347e-08,6.198916051072613e-09,9.34110040609172e-09,6.010131644659232e-08,7.3910508256353424e-09,2.387734795932749e-08,4.829129009652382e-09,8.499431667762999e-08
281,0.03539100767010847,0.637121777090403,5.491027727369448,0.03539100767010847,0.637121777090403,2.8007158441513407e-08,1.1342518026242385e-07,5.153205116663053e-08,7.265416768745199e-09,6.281419268666693e-09,3.382359407814357e-07,2.5434320705398193e-08,8.503065856065283e-08
282,0.13958423166651152,0.6319126162084658,5.296742972246871,0.13958423166651152,0.6319126162084658,3.455862378759637e-09,8.035082436793452e-09,4.670038650782562e-09,4.451156809182141e-09,3.2387944186754e-08,7.546974200539993e-08,3.242757909164414e-08,2.7899407051652613e-09
283,0.0674544219372297,0.7096471909419942,4.903178302642557,0.0674544219372297,0.7096471909419942,1.986625294853768e-08,2.3160090451874884e-08,8.005675991419373e-09,5.674079636443785e-10,4.34214045777675e-08,6.094491729944277e-09,1.284557781177329e-09,2.194590633603569e-08
284,0.7614295370608879,0.7612502160591811,3.2919142994909687,0.7614295370608879,0.7612502160591811,8.894929459241291e-09,1.9762267705254075e-07,1.9011466696636798e-08,1.6851601796041474e-08,2.5138491065702762e-08,1.5636644329163596e-08,2.2531094892482103e-08,1.2347929427561364e-07
285,0.7176566063786662,0.7177949518441865,3.900134647342367,0.7176566063786662,0.7177949518441865,1.091343390219565e-08,5.4955198849332724e-09,1.7829276050559875e-08,2.402779243836962e-07,2.0828247911472784e-08,1.2258661905552034e-07,1.42031473196338e-08,5.774677200350051e-08
286,0.15615473459964702,0.12982917772799274,5.436545553603613,0.15615473459964702,0.12982917772799274,2.0303868256538108e-08,7.014896645697934e-09,2.5310813893405272e-08,1.1442751182958248e-07,2.5097736603734004e-09,1.543016395826881e-07,2.1859748945160567e-08,3.4424856625304245e-08
287,0.17720217393261253,0.025309002585433945,5.615180583932898,0.17720217393261253,0.025309002585433945,1.3330677923784469e-08,1.452632202246175e-08,1.33146656694989e-07,2.799132498641331e-09,4.624842847167757e-09,1.1393776132582117e-07,6.045429846190186e-10,1.555121335313054e-08
288,0.10734675731625469,0.6450724301868147,5.2869600137373345,0.10734675731625469,0.6450724301868147,6.067030496580746e-08,2.498202838565009e-08,8.060901624242867e-09,1.9196605036246154e-09,2.1475929729813772e-08,3.955629887192579e-09,3.964719868412941e-08,2.3650003542230915e-08
289,0.7353605252119972,0.2453105458369969,4.394853494632318,0.7353605252119972,0.2453105458369969,6.200503802800545e-09,1.957856065458767e-08,1.6671173727649314e-09,3.246172275333236e-08,5.812653228910888e-09,2.5003427702940654e-09,1.2169166990828934e-08,1.5837067908903103e-07
290,0.17956057758341146,0.05122023080897122,5.567206433428671,0.17956057758341146,0.05122023080897122,2.3304285632161943e-08,1.031000965415539e-08,2.915029882617982e-08,1.9616481437089098e-08,2.229081255676494e-09,6.457767301083101e-10,2.5838780134275316e-08,8.916814033668671e-09
291,0.7515829658146784,0.06526355214461314,4.606176046708113,0.7515829658146784,0.06526355214461314,7.390161773711767e-10,5.3971798075185355e-09,1.8254243827438988e-08,1.7251446361566936e-09,1.5956046031006613e-09,3.177606432385795e-08,7.016792825059312e-08,7.339120677640745e-08
292,0.785343675374816,0.7859965431235384,3.0132221966302035,0.785343675374816,0.7859965431235384,7.643556444269202e-08,4.038456346029927e-08,4.3902635952560625e-09,1.1613603187213922e-08,8.310099456863606e-09,4.619215388569581e-08,1.8150099861159116e-08,1.567986225570166e-07
293,0.643876785569661,0.7730291204110267,4.0688321049098795,0.643876785569661,0.7730291204110267,7.366468562399074e-09,2.5386104828495853e-08,8.092868804000675e-09,1.0299593910604094e-08,1.1614587761880997e-07,2.025358810816358e-08,2.326143187256346e-08,4.076931881765294e-09
294,0.7112384076409131,0.6313511793961342,4.573626355945792,0.7112384076409131,0.6313511793961342,5.652265807916039e-09,1.0807345292644712e-07,3.023717725775786e-08,2.701783900300182e-08,9.454639538991785e-08,1.2024307159130234e-08,7.851840336939775e-08,5.743442440064284e-10
295,0.06635600221674026,0.7305213031486025,4.750700680320651,0.06635600221674026,0.7305213031486025,2.0493835098124196e-08,2.35074288775149e-08,7.887029956128981e-08,8.258262022352182e-08,1.5673471909243843e-08,8.724225275176584e-08,2.5997885614266413e-09,3.447912667138374e-08
296,0.13033004708710347,0.7823558931616375,4.270770778441603,0.13033004708710347,0.7823558931616375,6.8515548933931375e-09,5.788541009493573e-08,2.8707999665363575e-09,7.255156432656121e-11,2.098699862575252e-07,3.258520946834877e-08,1.218898641928829e-08,2.3264170098276922e-08
297,4.597312442648031e-07,0.23175951759202368,5.578743438632666,4.597312442648031e-07,0.23175951759202368,1.601425082825841e-08,2.4990571510574236e-08,1.2045559553952406e-08,4.0304437258527735e-08,1.4203028307272768e-08,1.2541515452377943e-08,7.849101717467563e-08,1.1449774219660327e-08
298,0.8175995399889234,0.8180124784539434,2.7462622498744995,0.8175995399889234,0.8180124784539434,2.4577387728255674e-08,3.9484153747572734e-10,1.3702334618539755e-09,2.8913669474440313e-08,6.0904461049718354e-09,1.3103867603200956e-08,7.841088804658233e-08,1.2052996615586701e-08
299,0.25468994071052475,0.6924946555226499,4.713947891308594,0.25468994071052475,0.6924946555226499,2.3130405733708445e-09,1.7482018105739828e-07,1.6788485069674164e-08,2.983291641209496e-09,5.999022443686452e-11,7.170585695467702e-08,5.471393810406117e-08,2.097329019771163e-10
300,0.21062440835123447,0.0789191867353309,5.464217014947998,0.21062440835123447,0.0789191867353309,2.2092842472836883e-08,3.4739371157181575e-08,2.713725719048746e-07,6.575399974598201e-09,1.8402862538897685e-08,5.301484922033404e-08,4.594072941215405e-09,6.646804428901391e-08
301,0.7096416117521881,0.06744041233436915,4.903251945169888,0.7096416117521881,0.06744041233436915,5.4282986714200935e-08,4.6241517691321e-08,6.15421676482965e-09,5.013161766379437e-07,2.0247927012706907e-08,4.486668292057731e-08,5.443191185614157e-08,1.1861895023321987e-08
302,0.1813173945735289,0.07765004624608453,5.509573781175725,0.1813173945735289,0.07765004624608453,6.08770544696804e-10,1.811733296677094e-10,3.573192289938936e-09,4.835691341552168e-10,1.1438426741019078e-08,1.9613106018613634e-08,3.6344246792620256e-09,6.293830778926229e-06
303,0.07878232091783836,0.21040896808479273,5.464761670793099,0.07878232091783836,0.21040896808479273,1.1519526834800985e-08,6.969976969536846e-09,1.5948991350769492e-08,9.660415308777525e-10,2.534929089583187e-09,6.838868075761167e-08,3.5708465977467985e-08,1.0318173534450794e-07
304,0.157498230770664,0.15748219535033695,5.371216967412278,0.157498230770664,0.15748219535033695,6.779244246600238e-08,6.170221370515603e-09,1.0444525477007064e-09,2.2376417431775705e-08,2.7149262525763033e-08,1.8312837670920098e-08,1.884932172102065e-08,1.916154651974142e-09
305,0.033648196536382846,0.7050019500663107,5.001648145499011,0.033648196536382846,0.7050019500663107,2.409439808865111e-09,6.698641708469508e-08,1.134022602686956e-08,2.1133521500667502e-08,1.3543402932950391e-08,1.8601534962442533e-09,3.3564942005371404e-09,9.60869137024067e-07
306,0.12925352687001102,0.8097933884070065,4.149707403830485,0.12925352687001102,0.8097933884070065,6.498537003017444e-09,1.1811841244092248e-07,1.8638574132660608e-08,8.971438154009207e-09,5.605742015138649e-09,5.088616429841332e-09,7.077572823663348e-08,3.2177250690357274e-08
307,0.6719898370112007,0.6718135953437456,4.589922180617734,0.6719898370112007,0.6718135953437456,3.3953620359510686e-08,4.678948356907639e-10,1.321936134014519e-07,1.0752181701866638e-08,3.147026410507132e-08,5.73355998041532e-09,5.042953954792261e-08,3.056057299353352e-08
308,0.23854718143219,0.85241492009298,3.8845034545371435,0.23854718143219,0.85241492009298,5.542447875858891e-09,1.0655705774456555e-08,4.9341168124178516e-08,7.977041883336084e-08,3.821816394913938e-10,9.406394714368541e-09,2.328565791664271e-07,6.74747735585933e-08
309,0.7054991359149849,0.26933346162877364,4.619911401742885,0.7054991359149849,0.26933346162877364,1.7770401253539836e-06,6.025286939506983e-11,1.6239122472192714e-09,7.602817887797946e-09,6.534756282835604e-09,2.1648770819901288e-08,5.852881396510441e-11,3.930201396665599e-08
310,0.6466788872940117,0.8601998813920942,3.7814546069781185,0.6466788872940117,0.8601998813920942,2.566854680711576e-08,6.239352833753178e-10,5.299678769042819e-08,1.3461105335357757e-08,1.556550680912921e-07,2.2659442815592838e-07,1.219367296019915e-09,1.1311973634368974e-08
311,1.9400487961901067e-05,0.6986474185699624,5.093929127154427,1.9400487961901067e-05,0.6986474185699624,5.107760828357166e-09,1.0573262254053295e-07,2.405445501182738e-08,3.183268760241736e-07,1.003833993304894e-08,1.1740840972567146e-07,7.220623443408652e-08,1.6777794840708252e-08
312,0.7161851478213953,0.1365229400990195,4.6940019859187325,0.7161851478213953,0.1365229400990195,5.8479311153984e-07,1.7007828731426745e-08,4.0606103901635725e-08,2.8769592531848733e-08,3.686190612282701e-09,6.267961927223142e-09,3.5675094081001116e-08,7.406536547609487e-09
313,0.863901912292623,0.7970862326290288,2.759691633827093,0.863901912292623,0.7970862326290288,7.486937173186078e-08,7.511371506501067e-10,7.747724050424191e-08,2.723938769219603e-10,2.3900306007540083e-09,6.019056511528494e-08,2.2582968002437786e-09,1.244506079258233e-08
314,0.7807406889661523,0.23754657863274148,4.108451769048563,0.7807406889661523,0.23754657863274148,4.089007568663692e-09,6.398458982431274e-09,5.477770463761554e-08,1.1700493061905556e-08,1.7065787791268933e-07,5.406209991807467e-09,1.7728168771919692e-08,4.3441289566205925e-08
315,0.6986368875136031,4.976426313646725e-06,5.094021694722855,0.6986368875136031,4.976426313646725e-06,2.1169157460844153e-09,9.969048197451753e-09,7.908756226697387e-10,6.66824111743438e-08,6.305298148065884e-09,4.1968812238735736e-08,1.2453051375898596e-08,1.5617160078135128e-08
316,0.05070116453161666,0.15229567544516412,5.6227870943873945,0.05070116453161666,0.15229567544516412,1.3243245578728072e-08,7.23924566415797e-09,1.0868085338884002e-07,2.239726249498669e-09,8.345046588722744e-09,3.2274738851861186e-10,9.678404855043495e-09,5.528888537204124e-08
317,0.24950822721398422,0.16611164545700424,5.241026755494862,0.24950822721398422,0.16611164545700424,8.87382051704323e-09,1.5416222923301318e-08,5.221163974886859e-08,2.1835384048263805e-08,1.1224787997032547e-08,1.1177782597806933e-07,2.232377106920149e-09,8.759089117593198e-09
318,0.16614365839126075,0.24957718267705778,5.240959078700316,0.16614365839126075,0.24957718267705778,2.0180079995095717e-08,3.43996913455698e-08,6.576733768445082e-10,6.518666157702232e-08,1.0416286177581176e-08,1.2863047596087014e-07,6.473477748568643e-08,1.1051591743252708e-08
319,0.053311081440308244,0.23909725741488372,5.496403340911087,0.053311081440308244,0.23909725741488372,9.214807269926562e-09,1.947442190557269e-08,1.1975267799756216e-08,7.397978241242269e-09,2.8242343886346138e-08,2.083582841213568e-07,3.2786228259623236e-07,7.0837675756681e-08
320,0.7307472027222974,0.8525349992725965,3.1631200467685407,0.7307472027222974,0.8525349992725965,7.384477134876887e-08,4.173240010142669e-09,1.6955315486772872e-09,3.870404764241456e-08,1.4003414611978223e-07,1.543167907295558e-08,2.065399100674606e-07,1.3974627267846975e-09
321,0.08065053261543953,0.24211036184463863,5.43822785749422,0.08065053261543953,0.24211036184463863,2.464124874394773e-09,1.654669887028983e-08,4.155987413427352e-09,9.394150677436668e-09,5.593697745153336e-09,1.2146641179195616e-08,2.2453493033881607e-08,1.279007142874414e-08
322,0.707937342617369,0.8693777589520025,3.334519059754406,0.707937342617369,0.8693777589520025,1.3501106574146238e-07,6.8710216151869775e-09,3.493756842537657e-09,1.4059232382861395e-08,8.359185117989261e-09,3.006891227600235e-08,4.1782028043888644e-10,8.559581294120811e-08
323,0.10239147920441938,0.6315204460839696,5.387300516218895,0.10239147920441938,0.6315204460839696,9.279342751397379e-09,1.1392793497490804e-07,8.83893086663333e-09,9.996149454653598e-10,7.873660261976503e-10,1.9653072521299513e-09,3.5682134439161236e-08,1.0509294599440411e-09
324,0.8665346997786085,0.16692411373301563,3.975164471634813,0.8665346997786085,0.16692411373301563,1.2862907491056175e-08,1.7895823328850718e-08,3.466049171249143e-08,5.788202980849543e-07,6.121352840881485e-09,2.634345320937838e-08,1.4165271762073185e-07,8.004132166844843e-09
325,0.7827931346781194,0.8227207755214307,2.880222431454407,0.7827931346781194,0.8227207755214307,2.5142606056125444e-08,5.19088563455328e-08,3.5176317471384875e-09,5.214415622656962e-08,2.1114980024555973e-08,2.5020109828378982e-09,1.0189136701933136e-08,2.336739105875408e-08
326,0.2695199630672128,0.7249507584200477,4.474534594574292,0.2695199630672128,0.7249507584200477,1.873832022174117e-08,9.957685214366733e-07,2.172060342260089e-08,4.838668175907024e-09,4.5883764769038835e-09,2.1151600880679602e-10,6.694282462350831e-08,1.269453557597487e-08
327,0.10192574326502823,0.71306623775769,4.7994914905721,0.10192574326502823,0.71306623775769,1.0423140770972742e-08,1.645509752801842e-08,4.8156784385617926e-08,3.371013182172406e-08,1.0021908878146776e-09,6.9286058863560186e-09,2.1244169447700594e-08,2.4033799724324122e-08
328,0.6305279204120475,0.10128614835739874,5.396159399535346,0.6305279204120475,0.10128614835739874,2.335199529812443e-08,1.2031048324174273e-07,7.649048466020345e-08,5.2296899892037494e-09,1.3613823651874093e-08,2.2241131419568456e-07,1.171971634526873e-07,2.4145038547306313e-09
329,0.03140531036454858,0.8204912792873893,4.3244544224771735,0.03140531036454858,0.8204912792873893,1.6591083570710236e-08,2.6283187913119968e-08,3.087731856983229e-08,7.490769483945258e-09,3.807210421291331e-10,1.305035954085688e-09,1.7567124904788637e-08,3.775982811058459e-09
330,0.2714733209078669,0.8190634324307275,3.948350506607727,0.2714733209078669,0.8190634324307275,5.61545727143122e-08,3.5194940624092895e-06,5.992692573340047e-08,1.554187816214805e-08,1.957619042187342e-08,1.4751465154809452e-08,5.605569504122938e-09,4.6881944950922085e-08
331,0.6657951280999422,0.07011978862992184,5.2265149045026105,0.6657951280999422,0.07011978862992184,2.3598327986595805e-08,4.348925002377874e-09,7.019967332660918e-08,7.824986639593205e-09,5.31222520395395e-10,7.050929724491998e-09,7.655916025655475e-09,9.368863201857396e-09
332,0.024323733574845748,0.07347792265310804,5.8497576305297905,0.024323733574845748,0.07347792265310804,2.4405329660202792e-08,2.71084392925243e-09,6.597931388397659e-08,1.5405633069247688e-08,4.0650045693104695e-09,7.314682935102176e-10,8.957198141682244e-10,2.2675683365375178e-10
333,0.7314437897516355,0.2721994643801189,4.428732076545439,0.7314437897516355,0.2721994643801189,4.8566865933468624e-08,6.148885963054915e-09,6.091306704869528e-09,1.742096642017826e-08,1.8624334236792417e-08,1.371543009455404e-07,4.656662550045942e-10,1.5453065935074396e-09
334,0.26614854818703043,0.6329956643279004,5.140913609642076,0.26614854818703043,0.6329956643279004,6.233395112368751e-06,3.323656334138609e-10,2.101551439748077e-08,3.043364302156072e-08,1.2440850016978298e-08,8.025755210721634e-09,7.387898896507321e-07,1.465582819788302e-07
335,0.2705071107078602,0.06017402944505629,5.486489876713458,0.2705071107078602,0.06017402944505629,2.651658625280135e-08,2.5480901321782337e-09,1.3259356522909087e-07,6.831246534641337e-05,3.852147800038611e-09,3.755045211682669e-08,7.182102102073859e-05,1.2832403568634368e-08
336,0.07004508709232882,0.6659993840890052,5.225190452425109,0.07004508709232882,0.6659993840890052,1.8168322912889135e-08,4.3249304448842206e-08,8.212453686908899e-10,1.131009495090703e-09,2.2365795673924887e-08,2.1865828624785016e-07,9.10441473606205e-09,2.1446586898871e-08
337,0.8662288287169428,0.6317240562214305,3.8814313001712435,0.8662288287169428,0.6317240562214305,2.2898846464938446e-06,2.4080999420839994e-09,1.4092059224492582e-07,6.185659236537629e-07,2.492920866384211e-07,3.80191744711636e-09,1.4705299657413433e-09,1.1519740967780137e-08
338,0.09718329222523231,0.8404435622788721,4.146738720123572,0.09718329222523231,0.8404435622788721,2.10390338112828e-08,4.573839409781377e-08,1.737714442847362e-08,1.542851625315054e-07,1.79948420610915e-08,1.407289758980724e-07,4.954593919134464e-08,7.201448842423601e-08
339,0.2503388358209772,0.25825963674645813,5.147093750282728,0.2503388358209772,0.25825963674645813,2.1642682519680377e-08,1.7315794500684148e-08,2.753255414069782e-08,8.887958921610385e-07,3.967559671172176e-08,4.2067128399789414e-07,3.052213568617519e-08,4.223262747217084e-09
340,0.1309334990928615,0.8508237509709267,4.0553751972461445,0.1309334990928615,0.8508237509709267,1.4276483757906154e-08,1.7687959223024658e-08,3.116392104518981e-08,7.928940152436634e-10,6.145838018656747e-09,1.3812604781823387e-08,2.0391415921003167e-08,1.1797158554431488e-07
341,0.7475464340894504,0.2042108504767733,4.340453012093359,0.7475464340894504,0.2042108504767733,1.471802176542152e-08,1.0978092578520309e-07,7.231266313993147e-09,3.892954435337592e-08,1.696207712865412e-08,3.2522731366343314e-09,1.5998660123531957e-07,9.696877794611362e-09
342,0.1480819874274862,4.790072343765703e-10,5.706102369003832,0.1480819874274862,4.790072343765703e-10,1.4838546248559832e-08,1.4201732317559125e-08,1.0081616316739716e-08,2.318900791088251e-09,2.460192705886757e-10,1.0029948835891749e-07,8.933371952458288e-09,2.205481972385904e-08
343,0.035644235768268806,0.8700787123064206,4.2641072772282635,0.035644235768268806,0.8700787123064206,1.3015073355173112e-08,5.237989124004154e-09,8.467441863310602e-08,2.0800244250380646e-09,5.020075196561676e-08,1.1266550201404627e-08,2.393230889054282e-07,1.9121414606553402e-07
344,0.0982410693320456,0.7556356603626381,4.5056853387315705,0.0982410693320456,0.7556356603626381,1.943441310371776e-09,1.2072231682593256e-07,3.29279720222547e-09,1.0585790484203696e-08,6.93494292247983e-10,5.167289439821335e-08,5.006728133901034e-08,3.375458679961643e-08
345,0.7722702040915544,0.27395913756972196,4.164686459332169,0.7722702040915544,0.27395913756972196,4.975195301108226e-09,0.001247909273381867,4.332635351511648e-09,3.4250172515443683e-10,3.003349424848683e-07,8.637917021364769e-10,3.7579209212189256e-07,9.723722685006917e-09
346,0.6400372219775176,0.8108774163189083,3.915254882961978,0.6400372219775176,0.8108774163189083,2.0966136367949796e-08,2.8348886233217716e-09,6.774680488117066e-10,2.1247233227802506e-08,1.8664829054699644e-08,1.4363466090895229e-08,2.2012504662965588e-08,1.2852757640304617e-07
347,0.7394728270851382,0.6312564828673144,4.38469131512008,0.7394728270851382,0.6312564828673144,1.374808692895704e-08,1.3257532089823468e-08,4.901425980622823e-06,6.060584972704674e-07,1.4617278110915441e-08,0.005078708740856071,3.210533995482749e-09,3.1397778536006434e-09
348,0.682899251222896,0.2151618877412837,4.804794275418924,0.682899251222896,0.2151618877412837,5.426633779177232e-08,9.384691211942882e-08,2.188171500036362e-08,8.009080849350275e-09,6.841024956647027e-10,3.0185415975076667e-08,6.028162914637629e-09,2.6453020427583474e-09
349,0.6595086684855674,0.2198103643797885,4.97240076453112,0.6595086684855674,0.2198103643797885,7.761168524737913e-09,2.1056084557435465e-05,4.308644826447553e-09,5.0257498784510404e-09,4.994986236782311e-08,9.980696106221602e-08,5.020613056293487e-09,2.105715179797792e-09
